id,type,status,createdby,createddate,duedate,lastmodifieddate,externalid,firmed,memo,number,shipdate,trandate,tranid,transactionnumber,typebaseddocumentnumber,trandisplayname,void,voided,shippingaddress,entity,Previous_transaction_id
1256411,VendPymt,Y,1043,2021-12-24,,2021-12-31,0,0,0,10001,2021-12-24,2021-12-24,PV10001,VENDPYMT10001,PV10001,0,F,F,100972,499,1456411
1256412,VendPymt,Y,2806,2022-08-11,,2022-08-12,0,0,0,10002,2022-08-11,2022-08-11,PV10002,VENDPYMT10002,PV10002,0,F,F,100983,585,1456414
1256415,VendPymt,Y,1688,2021-06-10,,2021-06-20,0,0,0,10003,2021-06-10,2021-06-10,PV10003,VENDPYMT10003,PV10003,0,F,F,100951,855,1456415
1256418,VendPymt,0,7377,2021-07-08,,2021-07-17,0,0,0,10004,2021-07-08,2021-07-08,PV10004,VENDPYMT10004,PV10004,0,F,F,100723,652,1456420
1256419,VendPymt,Y,4509,2021-05-22,,2021-05-31,0,0,0,10005,2021-05-22,2021-05-22,PV10005,VENDPYMT10005,PV10005,0,F,F,101047,617,1456424
1256424,VendPymt,Y,8606,2020-09-28,,2020-10-02,0,0,0,10006,2020-09-28,2020-09-28,PV10006,VENDPYMT10006,PV10006,0,F,F,100951,868,1456428
1256426,VendPymt,Y,4383,2022-03-19,,2022-03-20,0,0,0,10007,2022-03-19,2022-03-19,PV10007,VENDPYMT10007,PV10007,0,F,F,101007,510,1456432
1256428,VendPymt,Y,1099,2020-12-12,,2020-12-19,0,0,0,10008,2020-12-12,2020-12-12,PV10008,VENDPYMT10008,PV10008,0,F,F,101138,623,1456433
1256431,VendPymt,Y,1228,2022-05-02,,2022-05-07,0,0,0,10009,2022-05-02,2022-05-02,PV10009,VENDPYMT10009,PV10009,0,F,F,101095,887,1456437
1256436,VendPymt,Y,8516,2022-05-02,,2022-05-10,0,0,0,10010,2022-05-02,2022-05-02,PV10010,VENDPYMT10010,PV10010,0,F,F,100755,460,1456441
1256441,VendPymt,Y,6857,2020-07-14,,2020-07-16,0,0,0,10011,2020-07-14,2020-07-14,PV10011,VENDPYMT10011,PV10011,0,F,F,100978,847,1456445
1256446,VendPymt,Y,2778,2021-01-06,,2021-01-10,0,0,0,10012,2021-01-06,2021-01-06,PV10012,VENDPYMT10012,PV10012,0,F,F,100826,603,1456450
1256449,VendPymt,Y,325,2020-11-02,,2020-11-12,0,0,0,10013,2020-11-02,2020-11-02,PV10013,VENDPYMT10013,PV10013,0,F,F,100687,931,1456451
1256453,VendPymt,Y,4232,2022-12-30,,2023-01-06,0,0,0,10014,2022-12-30,2022-12-30,PV10014,VENDPYMT10014,PV10014,0,F,F,100823,825,1456454
1256456,VendPymt,Y,9977,2022-01-21,,2022-01-22,0,0,0,10015,2022-01-21,2022-01-21,PV10015,VENDPYMT10015,PV10015,0,F,F,100996,773,1456457
1256458,VendPymt,Y,645,2022-04-10,,2022-04-13,0,0,0,10016,2022-04-10,2022-04-10,PV10016,VENDPYMT10016,PV10016,0,F,F,100728,917,1456462
1256463,VendPymt,Y,6243,2022-11-28,,2022-12-07,0,0,0,10017,2022-11-28,2022-11-28,PV10017,VENDPYMT10017,PV10017,0,F,F,100686,896,1456466
1256464,VendPymt,0,3514,2022-12-23,,2023-01-02,0,0,0,10018,2022-12-23,2022-12-23,PV10018,VENDPYMT10018,PV10018,0,F,F,100853,455,1456470
1256467,VendPymt,Y,8439,2021-10-13,,2021-10-16,0,0,0,10019,2021-10-13,2021-10-13,PV10019,VENDPYMT10019,PV10019,0,F,F,101033,851,1456471
1256468,VendPymt,Y,6219,2020-03-15,,2020-03-17,0,0,0,10020,2020-03-15,2020-03-15,PV10020,VENDPYMT10020,PV10020,0,F,F,101008,603,1456472
1256471,VendPymt,Y,5262,2020-03-31,,2020-04-01,0,0,0,10021,2020-03-31,2020-03-31,PV10021,VENDPYMT10021,PV10021,0,F,F,101133,716,1456475
1256472,VendPymt,Y,7762,2022-01-05,,2022-01-08,0,0,0,10022,2022-01-05,2022-01-05,PV10022,VENDPYMT10022,PV10022,0,F,F,100964,578,1456478
1256476,VendPymt,Y,7384,2022-08-05,,2022-08-12,0,0,0,10023,2022-08-05,2022-08-05,PV10023,VENDPYMT10023,PV10023,0,F,F,100944,796,1456482
1256478,VendPymt,0,4519,2023-02-10,,2023-02-17,0,0,0,10024,2023-02-10,2023-02-10,PV10024,VENDPYMT10024,PV10024,0,F,F,101058,751,1456483
1256479,VendPymt,Y,4038,2021-09-25,,2021-10-03,0,0,0,10025,2021-09-25,2021-09-25,PV10025,VENDPYMT10025,PV10025,0,F,F,101113,618,1456486
1256480,VendPymt,Y,7346,2020-06-18,,2020-06-23,0,0,0,10026,2020-06-18,2020-06-18,PV10026,VENDPYMT10026,PV10026,0,F,F,101082,543,1456491
1256483,VendPymt,Y,5868,2022-08-10,,2022-08-11,0,0,0,10027,2022-08-10,2022-08-10,PV10027,VENDPYMT10027,PV10027,0,F,F,100961,581,1456496
1256488,VendPymt,Y,5361,2020-06-01,,2020-06-02,0,0,0,10028,2020-06-01,2020-06-01,PV10028,VENDPYMT10028,PV10028,0,F,F,100680,565,1456497
1256489,VendPymt,Y,32,2021-09-07,,2021-09-08,0,0,0,10029,2021-09-07,2021-09-07,PV10029,VENDPYMT10029,PV10029,0,F,F,100775,942,1456499
1256490,VendPymt,0,1990,2023-03-15,,2023-03-18,0,0,0,10030,2023-03-15,2023-03-15,PV10030,VENDPYMT10030,PV10030,0,F,F,101016,802,1456501
1256495,VendPymt,Y,4311,2021-04-28,,2021-05-01,0,0,0,10031,2021-04-28,2021-04-28,PV10031,VENDPYMT10031,PV10031,0,F,F,101144,769,1456506
1256496,VendPymt,Y,4279,2021-02-13,,2021-02-23,0,0,0,10032,2021-02-13,2021-02-13,PV10032,VENDPYMT10032,PV10032,0,F,F,100982,694,1456510
1256501,VendPymt,Y,9148,2021-01-29,,2021-02-06,0,0,0,10033,2021-01-29,2021-01-29,PV10033,VENDPYMT10033,PV10033,0,F,F,100679,924,1456511
1256502,VendPymt,Y,7915,2022-05-01,,2022-05-07,0,0,0,10034,2022-05-01,2022-05-01,PV10034,VENDPYMT10034,PV10034,0,F,F,100978,856,1456514
1256503,VendPymt,Y,4264,2021-05-16,,2021-05-26,0,0,0,10035,2021-05-16,2021-05-16,PV10035,VENDPYMT10035,PV10035,0,F,F,100832,535,1456516
1256508,VendPymt,Y,2399,2021-11-29,,2021-12-07,0,0,0,10036,2021-11-29,2021-11-29,PV10036,VENDPYMT10036,PV10036,0,F,F,100879,547,1456520
1256513,VendPymt,Y,7322,2022-09-27,,2022-10-05,0,0,0,10037,2022-09-27,2022-09-27,PV10037,VENDPYMT10037,PV10037,0,F,F,101036,877,1456522
1256514,VendPymt,0,6296,2020-08-21,,2020-08-26,0,0,0,10038,2020-08-21,2020-08-21,PV10038,VENDPYMT10038,PV10038,0,F,F,100785,605,1456523
1256519,VendPymt,Y,6729,2020-11-22,,2020-11-25,0,0,0,10039,2020-11-22,2020-11-22,PV10039,VENDPYMT10039,PV10039,0,F,F,100851,841,1456524
1256524,VendPymt,0,6621,2021-05-03,,2021-05-05,0,0,0,10040,2021-05-03,2021-05-03,PV10040,VENDPYMT10040,PV10040,0,F,F,100736,526,1456528
1256527,VendPymt,Y,7427,2022-03-31,,2022-04-05,0,0,0,10041,2022-03-31,2022-03-31,PV10041,VENDPYMT10041,PV10041,0,F,F,100942,536,1456531
1256532,VendPymt,Y,7783,2022-06-23,,2022-06-24,0,0,0,10042,2022-06-23,2022-06-23,PV10042,VENDPYMT10042,PV10042,0,F,F,101146,722,1456534
1256533,VendPymt,Y,6635,2021-10-06,,2021-10-08,0,0,0,10043,2021-10-06,2021-10-06,PV10043,VENDPYMT10043,PV10043,0,F,F,101011,873,1456535
1256534,VendPymt,Y,9894,2021-07-30,,2021-08-09,0,0,0,10044,2021-07-30,2021-07-30,PV10044,VENDPYMT10044,PV10044,0,F,F,100852,898,1456536
1256535,VendPymt,Y,5165,2021-01-30,,2021-02-04,0,0,0,10045,2021-01-30,2021-01-30,PV10045,VENDPYMT10045,PV10045,0,F,F,100816,817,1456541
1256537,VendPymt,Y,9977,2022-12-25,,2022-12-27,0,0,0,10046,2022-12-25,2022-12-25,PV10046,VENDPYMT10046,PV10046,0,F,F,100897,787,1456545
1256539,VendPymt,Y,3084,2020-12-07,,2020-12-14,0,0,0,10047,2020-12-07,2020-12-07,PV10047,VENDPYMT10047,PV10047,0,F,F,100741,583,1456547
1256543,VendPymt,Y,7637,2021-05-05,,2021-05-15,0,0,0,10048,2021-05-05,2021-05-05,PV10048,VENDPYMT10048,PV10048,0,F,F,100879,655,1456549
1256545,VendPymt,0,5976,2021-02-24,,2021-02-28,0,0,0,10049,2021-02-24,2021-02-24,PV10049,VENDPYMT10049,PV10049,0,F,F,100739,638,1456552
1256550,VendPymt,0,9681,2021-06-20,,2021-06-23,0,0,0,10050,2021-06-20,2021-06-20,PV10050,VENDPYMT10050,PV10050,0,F,F,100756,863,1456555
1256552,VendPymt,Y,7205,2022-01-13,,2022-01-17,0,0,0,10051,2022-01-13,2022-01-13,PV10051,VENDPYMT10051,PV10051,0,F,F,101013,511,1456559
1256557,VendPymt,Y,7946,2021-07-31,,2021-08-10,0,0,0,10052,2021-07-31,2021-07-31,PV10052,VENDPYMT10052,PV10052,0,F,F,100790,795,1456561
1256562,VendPymt,Y,3106,2022-10-17,,2022-10-25,0,0,0,10053,2022-10-17,2022-10-17,PV10053,VENDPYMT10053,PV10053,0,F,F,100657,845,1456562
1256563,VendPymt,Y,1706,2022-06-29,,2022-07-08,0,0,0,10054,2022-06-29,2022-06-29,PV10054,VENDPYMT10054,PV10054,0,F,F,100800,843,1456563
1256567,VendPymt,Y,943,2021-12-22,,2021-12-28,0,0,0,10055,2021-12-22,2021-12-22,PV10055,VENDPYMT10055,PV10055,0,F,F,100733,484,1456565
1256568,VendPymt,Y,6245,2021-11-11,,2021-11-18,0,0,0,10056,2021-11-11,2021-11-11,PV10056,VENDPYMT10056,PV10056,0,F,F,100884,828,1456570
1256569,VendPymt,Y,8361,2020-07-05,,2020-07-08,0,0,0,10057,2020-07-05,2020-07-05,PV10057,VENDPYMT10057,PV10057,0,F,F,100884,733,1456573
1256570,VendPymt,Y,2535,2020-10-05,,2020-10-10,0,0,0,10058,2020-10-05,2020-10-05,PV10058,VENDPYMT10058,PV10058,0,F,F,100798,613,1456576
1256575,VendPymt,Y,249,2020-10-27,,2020-10-28,0,0,0,10059,2020-10-27,2020-10-27,PV10059,VENDPYMT10059,PV10059,0,F,F,100793,468,1456577
1256578,VendPymt,Y,4264,2020-12-13,,2020-12-19,0,0,0,10060,2020-12-13,2020-12-13,PV10060,VENDPYMT10060,PV10060,0,F,F,100747,499,1456580
1256582,VendPymt,Y,6815,2020-09-13,,2020-09-14,0,0,0,10061,2020-09-13,2020-09-13,PV10061,VENDPYMT10061,PV10061,0,F,F,100790,619,1456585
1256587,VendPymt,Y,9556,2021-12-04,,2021-12-08,0,0,0,10062,2021-12-04,2021-12-04,PV10062,VENDPYMT10062,PV10062,0,F,F,101001,705,1456587
1256591,VendPymt,Y,7479,2021-02-19,,2021-02-25,0,0,0,10063,2021-02-19,2021-02-19,PV10063,VENDPYMT10063,PV10063,0,F,F,100880,520,1456589
1256594,VendPymt,Y,4336,2022-02-08,,2022-02-15,0,0,0,10064,2022-02-08,2022-02-08,PV10064,VENDPYMT10064,PV10064,0,F,F,101068,684,1456594
1256599,VendPymt,Y,7913,2021-09-25,,2021-10-01,0,0,0,10065,2021-09-25,2021-09-25,PV10065,VENDPYMT10065,PV10065,0,F,F,101127,533,1456598
1256604,VendPymt,Y,8940,2022-01-03,,2022-01-12,0,0,0,10066,2022-01-03,2022-01-03,PV10066,VENDPYMT10066,PV10066,0,F,F,100665,803,1456603
1256605,VendPymt,Y,785,2020-12-12,,2020-12-22,0,0,0,10067,2020-12-12,2020-12-12,PV10067,VENDPYMT10067,PV10067,0,F,F,100901,878,1456605
1256606,VendPymt,Y,4232,2020-05-30,,2020-06-04,0,0,0,10068,2020-05-30,2020-05-30,PV10068,VENDPYMT10068,PV10068,0,F,F,100947,813,1456606
1256609,VendPymt,Y,9510,2022-01-17,,2022-01-26,0,0,0,10069,2022-01-17,2022-01-17,PV10069,VENDPYMT10069,PV10069,0,F,F,101079,501,1456608
1256610,VendPymt,Y,9832,2021-01-10,,2021-01-13,0,0,0,10070,2021-01-10,2021-01-10,PV10070,VENDPYMT10070,PV10070,0,F,F,100976,603,1456612
1256615,VendPymt,Y,2409,2022-03-08,,2022-03-16,0,0,0,10071,2022-03-08,2022-03-08,PV10071,VENDPYMT10071,PV10071,0,F,F,100991,479,1456617
1256616,VendPymt,Y,8802,2020-09-09,,2020-09-17,0,0,0,10072,2020-09-09,2020-09-09,PV10072,VENDPYMT10072,PV10072,0,F,F,100951,943,1456621
1256621,VendPymt,Y,410,2021-06-30,,2021-07-06,0,0,0,10073,2021-06-30,2021-06-30,PV10073,VENDPYMT10073,PV10073,0,F,F,100762,509,1456625
1256626,VendPymt,Y,3950,2021-02-20,,2021-02-22,0,0,0,10074,2021-02-20,2021-02-20,PV10074,VENDPYMT10074,PV10074,0,F,F,101025,472,1456629
1256628,VendPymt,Y,1798,2020-07-23,,2020-07-24,0,0,0,10075,2020-07-23,2020-07-23,PV10075,VENDPYMT10075,PV10075,0,F,F,100676,522,1456633
1256629,VendPymt,0,1563,2021-07-21,,2021-07-27,0,0,0,10076,2021-07-21,2021-07-21,PV10076,VENDPYMT10076,PV10076,0,F,F,101060,742,1456636
1256633,VendPymt,Y,1173,2021-09-17,,2021-09-21,0,0,0,10077,2021-09-17,2021-09-17,PV10077,VENDPYMT10077,PV10077,0,F,F,100882,786,1456640
1256635,VendPymt,Y,6641,2020-07-16,,2020-07-25,0,0,0,10078,2020-07-16,2020-07-16,PV10078,VENDPYMT10078,PV10078,0,F,F,100966,622,1456642
1256638,VendPymt,Y,9319,2021-05-28,,2021-06-01,0,0,0,10079,2021-05-28,2021-05-28,PV10079,VENDPYMT10079,PV10079,0,F,F,100738,id,1456647
1256640,VendPymt,Y,4793,2021-12-20,,2021-12-29,0,0,0,10080,2021-12-20,2021-12-20,PV10080,VENDPYMT10080,PV10080,0,F,F,100972,579,1456651
1256641,VendPymt,Y,4114,2022-02-21,,2022-02-23,0,0,0,10081,2022-02-21,2022-02-21,PV10081,VENDPYMT10081,PV10081,0,F,F,100824,460,1456654
1256642,VendPymt,Y,9277,2022-03-15,,2022-03-16,0,0,0,10082,2022-03-15,2022-03-15,PV10082,VENDPYMT10082,PV10082,0,F,F,100651,760,1456659
1256645,VendPymt,Y,9061,2022-07-28,,2022-08-07,0,0,0,10083,2022-07-28,2022-07-28,PV10083,VENDPYMT10083,PV10083,0,F,F,101129,645,1456661
1256648,VendPymt,0,7377,2022-05-24,,2022-05-27,0,0,0,10084,2022-05-24,2022-05-24,PV10084,VENDPYMT10084,PV10084,0,F,F,101015,582,1456666
1256652,VendPymt,Y,6913,2021-01-29,,2021-02-05,0,0,0,10085,2021-01-29,2021-01-29,PV10085,VENDPYMT10085,PV10085,0,F,F,101028,534,1456669
1256657,VendPymt,Y,8046,2020-05-25,,2020-06-02,0,0,0,10086,2020-05-25,2020-05-25,PV10086,VENDPYMT10086,PV10086,0,F,F,100720,758,1456670
1256659,VendPymt,Y,2917,2022-09-29,,2022-10-08,0,0,0,10087,2022-09-29,2022-09-29,PV10087,VENDPYMT10087,PV10087,0,F,F,100809,688,1456672
1256660,VendPymt,0,8802,2020-10-09,,2020-10-15,0,0,0,10088,2020-10-09,2020-10-09,PV10088,VENDPYMT10088,PV10088,0,F,F,101065,769,1456677
1256664,VendPymt,Y,6050,2021-10-16,,2021-10-21,0,0,0,10089,2021-10-16,2021-10-16,PV10089,VENDPYMT10089,PV10089,0,F,F,101118,800,1456680
1256668,VendPymt,Y,6481,2021-10-25,,2021-10-26,0,0,0,10090,2021-10-25,2021-10-25,PV10090,VENDPYMT10090,PV10090,0,F,F,100780,760,1456683
1256670,VendPymt,Y,319,2022-11-22,,2022-11-23,0,0,0,10091,2022-11-22,2022-11-22,PV10091,VENDPYMT10091,PV10091,0,F,F,101105,689,1456687
1256671,VendPymt,Y,7535,2022-10-04,,2022-10-06,0,0,0,10092,2022-10-04,2022-10-04,PV10092,VENDPYMT10092,PV10092,0,F,F,100865,944,1456688
1256676,VendPymt,Y,5753,2022-11-06,,2022-11-10,0,0,0,10093,2022-11-06,2022-11-06,PV10093,VENDPYMT10093,PV10093,0,F,F,100703,824,1456690
1256679,VendPymt,0,2895,2023-04-28,,2023-05-06,0,0,0,10094,2023-04-28,2023-04-28,PV10094,VENDPYMT10094,PV10094,0,F,F,100803,536,1456694
1256682,VendPymt,Y,1766,2021-04-12,,2021-04-18,0,0,0,10095,2021-04-12,2021-04-12,PV10095,VENDPYMT10095,PV10095,0,F,F,100992,705,1456699
1256686,VendPymt,Y,6636,2022-08-22,,2022-08-25,0,0,0,10096,2022-08-22,2022-08-22,PV10096,VENDPYMT10096,PV10096,0,F,F,100990,609,1456704
1256687,VendPymt,Y,6729,2022-01-21,,2022-01-23,0,0,0,10097,2022-01-21,2022-01-21,PV10097,VENDPYMT10097,PV10097,0,F,F,100872,579,1456707
1256692,VendPymt,Y,4215,2021-05-16,,2021-05-23,0,0,0,10098,2021-05-16,2021-05-16,PV10098,VENDPYMT10098,PV10098,0,F,F,100934,515,1456709
1256697,VendPymt,Y,3361,2022-01-17,,2022-01-20,0,0,0,10099,2022-01-17,2022-01-17,PV10099,VENDPYMT10099,PV10099,0,F,F,100759,769,1456712
1256698,VendPymt,Y,442,2021-05-04,,2021-05-14,0,0,0,10100,2021-05-04,2021-05-04,PV10100,VENDPYMT10100,PV10100,0,F,F,101045,595,1456717
1256699,VendPymt,Y,416,2021-10-25,,2021-11-04,0,0,0,10101,2021-10-25,2021-10-25,PV10101,VENDPYMT10101,PV10101,0,F,F,100689,575,1456721
1256702,VendPymt,Y,1766,2021-05-12,,2021-05-18,0,0,0,10102,2021-05-12,2021-05-12,PV10102,VENDPYMT10102,PV10102,0,F,F,100760,458,1456722
1256707,VendPymt,Y,4058,2022-06-02,,2022-06-09,0,0,0,10103,2022-06-02,2022-06-02,PV10103,VENDPYMT10103,PV10103,0,F,F,100784,792,1456724
1256710,VendPymt,Y,4114,2021-03-07,,2021-03-13,0,0,0,10104,2021-03-07,2021-03-07,PV10104,VENDPYMT10104,PV10104,0,F,F,101124,613,1456727
1256711,VendPymt,Y,2529,2021-07-22,,2021-08-01,0,0,0,10105,2021-07-22,2021-07-22,PV10105,VENDPYMT10105,PV10105,0,F,F,100787,469,1456732
1256712,VendPymt,Y,3764,2022-07-04,,2022-07-13,0,0,0,10106,2022-07-04,2022-07-04,PV10106,VENDPYMT10106,PV10106,0,F,F,100782,461,1456737
1256715,VendPymt,Y,6573,2022-12-07,,2022-12-14,0,0,0,10107,2022-12-07,2022-12-07,PV10107,VENDPYMT10107,PV10107,0,F,F,101021,856,1456741
1256719,VendPymt,Y,5384,2021-09-25,,2021-10-03,0,0,0,10108,2021-09-25,2021-09-25,PV10108,VENDPYMT10108,PV10108,0,F,F,100950,878,1456742
1256724,VendPymt,Y,7879,2021-01-25,,2021-01-31,0,0,0,10109,2021-01-25,2021-01-25,PV10109,VENDPYMT10109,PV10109,0,F,F,100912,510,1456746
1256725,VendPymt,Y,5404,2022-11-25,,2022-12-05,0,0,0,10110,2022-11-25,2022-11-25,PV10110,VENDPYMT10110,PV10110,0,F,F,101090,608,1456748
1256728,VendPymt,Y,7786,2020-10-01,,2020-10-10,0,0,0,10111,2020-10-01,2020-10-01,PV10111,VENDPYMT10111,PV10111,0,F,F,101013,709,1456752
1256731,VendPymt,Y,4370,2021-02-11,,2021-02-12,0,0,0,10112,2021-02-11,2021-02-11,PV10112,VENDPYMT10112,PV10112,0,F,F,100754,id,1456756
1256732,VendPymt,0,323,2022-05-31,,2022-06-08,0,0,0,10113,2022-05-31,2022-05-31,PV10113,VENDPYMT10113,PV10113,0,F,F,100778,581,1456760
1256735,VendPymt,Y,2399,2021-11-28,,2021-12-04,0,0,0,10114,2021-11-28,2021-11-28,PV10114,VENDPYMT10114,PV10114,0,F,F,100936,801,1456763
1256739,VendPymt,Y,442,2022-01-30,,2022-02-03,0,0,0,10115,2022-01-30,2022-01-30,PV10115,VENDPYMT10115,PV10115,0,F,F,101070,596,1456764
1256743,VendPymt,Y,5535,2022-10-15,,2022-10-25,0,0,0,10116,2022-10-15,2022-10-15,PV10116,VENDPYMT10116,PV10116,0,F,F,100971,927,1456767
1256746,VendPymt,Y,9738,2022-02-11,,2022-02-13,0,0,0,10117,2022-02-11,2022-02-11,PV10117,VENDPYMT10117,PV10117,0,F,F,100730,502,1456770
1256747,VendPymt,Y,3453,2022-04-30,,2022-05-04,0,0,0,10118,2022-04-30,2022-04-30,PV10118,VENDPYMT10118,PV10118,0,F,F,100934,783,1456772
1256750,VendPymt,0,7102,2021-03-11,,2021-03-15,0,0,0,10119,2021-03-11,2021-03-11,PV10119,VENDPYMT10119,PV10119,0,F,F,101079,837,1456775
1256753,VendPymt,Y,5479,2021-02-25,,2021-03-03,0,0,0,10120,2021-02-25,2021-02-25,PV10120,VENDPYMT10120,PV10120,0,F,F,100934,789,1456776
1256756,VendPymt,Y,2254,2021-06-03,,2021-06-12,0,0,0,10121,2021-06-03,2021-06-03,PV10121,VENDPYMT10121,PV10121,0,F,F,100825,902,1456778
1256760,VendPymt,Y,9902,2022-06-10,,2022-06-18,0,0,0,10122,2022-06-10,2022-06-10,PV10122,VENDPYMT10122,PV10122,0,F,F,101004,471,1456779
1256763,VendPymt,0,5354,2022-05-16,,2022-05-18,0,0,0,10123,2022-05-16,2022-05-16,PV10123,VENDPYMT10123,PV10123,0,F,F,100714,544,1456781
1256764,VendPymt,Y,643,2022-11-25,,2022-11-26,0,0,0,10124,2022-11-25,2022-11-25,PV10124,VENDPYMT10124,PV10124,0,F,F,101088,797,1456782
1256768,VendPymt,Y,1130,2020-10-20,,2020-10-27,0,0,0,10125,2020-10-20,2020-10-20,PV10125,VENDPYMT10125,PV10125,0,F,F,100699,737,1456787
1256771,VendPymt,Y,1174,2021-06-20,,2021-06-26,0,0,0,10126,2021-06-20,2021-06-20,PV10126,VENDPYMT10126,PV10126,0,F,F,101095,890,1456789
1256772,VendPymt,Y,6357,2022-05-17,,2022-05-27,0,0,0,10127,2022-05-17,2022-05-17,PV10127,VENDPYMT10127,PV10127,0,F,F,101064,494,1456792
1256773,VendPymt,Y,668,2021-03-04,,2021-03-13,0,0,0,10128,2021-03-04,2021-03-04,PV10128,VENDPYMT10128,PV10128,0,F,F,101115,776,1456796
1256775,VendPymt,Y,8613,2020-08-16,,2020-08-19,0,0,0,10129,2020-08-16,2020-08-16,PV10129,VENDPYMT10129,PV10129,0,F,F,100797,548,1456801
1256779,VendPymt,Y,8167,2022-08-05,,2022-08-11,0,0,0,10130,2022-08-05,2022-08-05,PV10130,VENDPYMT10130,PV10130,0,F,F,101143,680,1456804
1256784,VendPymt,Y,7544,2020-10-12,,2020-10-19,0,0,0,10131,2020-10-12,2020-10-12,PV10131,VENDPYMT10131,PV10131,0,F,F,100675,892,1456809
1256788,VendPymt,Y,8940,2022-07-14,,2022-07-17,0,0,0,10132,2022-07-14,2022-07-14,PV10132,VENDPYMT10132,PV10132,0,F,F,100666,800,1456814
1256793,VendPymt,Y,959,2023-03-06,,2023-03-12,0,0,0,10133,2023-03-06,2023-03-06,PV10133,VENDPYMT10133,PV10133,0,F,F,100800,480,1456816
1256796,VendPymt,Y,590,2020-08-27,,2020-08-28,0,0,0,10134,2020-08-27,2020-08-27,PV10134,VENDPYMT10134,PV10134,0,F,F,100911,600,1456818
1256797,VendPymt,0,9504,2021-02-20,,2021-03-01,0,0,0,10135,2021-02-20,2021-02-20,PV10135,VENDPYMT10135,PV10135,0,F,F,101139,735,1456819
1256799,VendPymt,Y,9253,2022-12-30,,2023-01-08,0,0,0,10136,2022-12-30,2022-12-30,PV10136,VENDPYMT10136,PV10136,0,F,F,100711,890,1456820
1256803,VendPymt,Y,334,2021-05-01,,2021-05-04,0,0,0,10137,2021-05-01,2021-05-01,PV10137,VENDPYMT10137,PV10137,0,F,F,101043,492,1456822
1256808,VendPymt,Y,2483,2023-02-02,,2023-02-11,0,0,0,10138,2023-02-02,2023-02-02,PV10138,VENDPYMT10138,PV10138,0,F,F,101063,901,1456824
1256812,VendPymt,Y,9854,2022-07-08,,2022-07-15,0,0,0,10139,2022-07-08,2022-07-08,PV10139,VENDPYMT10139,PV10139,0,F,F,100919,895,1456828
1256817,VendPymt,Y,9431,2021-10-07,,2021-10-15,0,0,0,10140,2021-10-07,2021-10-07,PV10140,VENDPYMT10140,PV10140,0,F,F,100741,456,1456831
1256822,VendPymt,Y,8130,2022-03-07,,2022-03-10,0,0,0,10141,2022-03-07,2022-03-07,PV10141,VENDPYMT10141,PV10141,0,F,F,100655,561,1456834
1256827,VendPymt,Y,6042,2023-01-27,,2023-01-31,0,0,0,10142,2023-01-27,2023-01-27,PV10142,VENDPYMT10142,PV10142,0,F,F,101026,864,1456836
1256829,VendPymt,Y,2172,2022-05-29,,2022-06-04,0,0,0,10143,2022-05-29,2022-05-29,PV10143,VENDPYMT10143,PV10143,0,F,F,100904,784,1456839
1256830,VendPymt,Y,3031,2021-08-11,,2021-08-15,0,0,0,10144,2021-08-11,2021-08-11,PV10144,VENDPYMT10144,PV10144,0,F,F,100899,582,1456841
1256831,VendPymt,Y,8492,2022-11-23,,2022-12-02,0,0,0,10145,2022-11-23,2022-11-23,PV10145,VENDPYMT10145,PV10145,0,F,F,100921,834,1456843
1256834,VendPymt,Y,7738,2022-11-17,,2022-11-18,0,0,0,10146,2022-11-17,2022-11-17,PV10146,VENDPYMT10146,PV10146,0,F,F,100737,927,1456846
1256836,VendPymt,Y,4863,2023-01-15,,2023-01-21,0,0,0,10147,2023-01-15,2023-01-15,PV10147,VENDPYMT10147,PV10147,0,F,F,100957,649,1456850
1256840,VendPymt,Y,2259,2023-01-04,,2023-01-12,0,0,0,10148,2023-01-04,2023-01-04,PV10148,VENDPYMT10148,PV10148,0,F,F,100691,643,1456854
1256844,VendPymt,Y,925,2020-05-15,,2020-05-17,0,0,0,10149,2020-05-15,2020-05-15,PV10149,VENDPYMT10149,PV10149,0,F,F,100670,810,1456855
1256845,VendPymt,Y,9854,2021-08-16,,2021-08-21,0,0,0,10150,2021-08-16,2021-08-16,PV10150,VENDPYMT10150,PV10150,0,F,F,100777,908,1456860
1256847,VendPymt,0,4750,2020-06-05,,2020-06-07,0,0,0,10151,2020-06-05,2020-06-05,PV10151,VENDPYMT10151,PV10151,0,F,F,100962,571,1456865
1256849,VendPymt,Y,9009,2021-12-28,,2022-01-07,0,0,0,10152,2021-12-28,2021-12-28,PV10152,VENDPYMT10152,PV10152,0,F,F,101131,783,1456870
1256850,VendPymt,Y,5505,2023-01-18,,2023-01-27,0,0,0,10153,2023-01-18,2023-01-18,PV10153,VENDPYMT10153,PV10153,0,F,F,100784,853,1456873
1256852,VendPymt,Y,8280,2022-07-07,,2022-07-14,0,0,0,10154,2022-07-07,2022-07-07,PV10154,VENDPYMT10154,PV10154,0,F,F,100807,803,1456878
1256855,VendPymt,Y,1071,2022-08-17,,2022-08-23,0,0,0,10155,2022-08-17,2022-08-17,PV10155,VENDPYMT10155,PV10155,0,F,F,100827,717,1456879
1256860,VendPymt,Y,9399,2023-02-20,,2023-02-21,0,0,0,10156,2023-02-20,2023-02-20,PV10156,VENDPYMT10156,PV10156,0,F,F,100809,613,1456882
1256865,VendPymt,Y,5882,2021-05-25,,2021-06-01,0,0,0,10157,2021-05-25,2021-05-25,PV10157,VENDPYMT10157,PV10157,0,F,F,100988,484,1456885
1256869,VendPymt,Y,5499,2021-04-18,,2021-04-27,0,0,0,10158,2021-04-18,2021-04-18,PV10158,VENDPYMT10158,PV10158,0,F,F,100962,708,1456889
1256873,VendPymt,Y,6877,2021-11-23,,2021-12-01,0,0,0,10159,2021-11-23,2021-11-23,PV10159,VENDPYMT10159,PV10159,0,F,F,101141,487,1456894
1256878,VendPymt,0,267,2022-08-28,,2022-08-31,0,0,0,10160,2022-08-28,2022-08-28,PV10160,VENDPYMT10160,PV10160,0,F,F,100820,506,1456898
1256879,VendPymt,Y,4451,2020-10-15,,2020-10-18,0,0,0,10161,2020-10-15,2020-10-15,PV10161,VENDPYMT10161,PV10161,0,F,F,100758,678,1456902
1256884,VendPymt,0,6226,2021-11-06,,2021-11-14,0,0,0,10162,2021-11-06,2021-11-06,PV10162,VENDPYMT10162,PV10162,0,F,F,100760,694,1456907
1256889,VendPymt,Y,9253,2021-07-16,,2021-07-24,0,0,0,10163,2021-07-16,2021-07-16,PV10163,VENDPYMT10163,PV10163,0,F,F,100668,750,1456910
1256891,VendPymt,Y,9747,2022-09-22,,2022-10-01,0,0,0,10164,2022-09-22,2022-09-22,PV10164,VENDPYMT10164,PV10164,0,F,F,101001,873,1456912
1256893,VendPymt,0,9498,2020-07-30,,2020-08-07,0,0,0,10165,2020-07-30,2020-07-30,PV10165,VENDPYMT10165,PV10165,0,F,F,100952,689,1456914
1256895,VendPymt,Y,1694,2021-04-19,,2021-04-28,0,0,0,10166,2021-04-19,2021-04-19,PV10166,VENDPYMT10166,PV10166,0,F,F,100780,924,1456918
1256897,VendPymt,Y,6831,2023-04-07,,2023-04-08,0,0,0,10167,2023-04-07,2023-04-07,PV10167,VENDPYMT10167,PV10167,0,F,F,101059,619,1456921
1256902,VendPymt,Y,1174,2021-03-23,,2021-03-31,0,0,0,10168,2021-03-23,2021-03-23,PV10168,VENDPYMT10168,PV10168,0,F,F,100730,783,1456922
1256907,VendPymt,Y,96,2021-05-17,,2021-05-18,0,0,0,10169,2021-05-17,2021-05-17,PV10169,VENDPYMT10169,PV10169,0,F,F,100978,544,1456924
1256910,VendPymt,Y,3793,2021-03-13,,2021-03-23,0,0,0,10170,2021-03-13,2021-03-13,PV10170,VENDPYMT10170,PV10170,0,F,F,101102,460,1456929
1256915,VendPymt,Y,4131,2020-09-16,,2020-09-20,0,0,0,10171,2020-09-16,2020-09-16,PV10171,VENDPYMT10171,PV10171,0,F,F,101063,811,1456930
1256917,VendPymt,0,9405,2020-08-05,,2020-08-11,0,0,0,10172,2020-08-05,2020-08-05,PV10172,VENDPYMT10172,PV10172,0,F,F,101148,889,1456931
1256920,VendPymt,Y,3601,2023-03-13,,2023-03-19,0,0,0,10173,2023-03-13,2023-03-13,PV10173,VENDPYMT10173,PV10173,0,F,F,100674,732,1456935
1256922,VendPymt,Y,4237,2021-06-04,,2021-06-11,0,0,0,10174,2021-06-04,2021-06-04,PV10174,VENDPYMT10174,PV10174,0,F,F,101055,915,1456940
1256926,VendPymt,Y,5369,2023-02-09,,2023-02-13,0,0,0,10175,2023-02-09,2023-02-09,PV10175,VENDPYMT10175,PV10175,0,F,F,100783,831,1456941
1256930,VendPymt,Y,2424,2021-04-12,,2021-04-15,0,0,0,10176,2021-04-12,2021-04-12,PV10176,VENDPYMT10176,PV10176,0,F,F,100944,760,1456944
1256933,VendPymt,Y,7041,2020-09-10,,2020-09-12,0,0,0,10177,2020-09-10,2020-09-10,PV10177,VENDPYMT10177,PV10177,0,F,F,101035,753,1456946
1256935,VendPymt,Y,6050,2020-12-20,,2020-12-27,0,0,0,10178,2020-12-20,2020-12-20,PV10178,VENDPYMT10178,PV10178,0,F,F,100797,480,1456948
1256938,VendPymt,Y,3136,2022-02-07,,2022-02-11,0,0,0,10179,2022-02-07,2022-02-07,PV10179,VENDPYMT10179,PV10179,0,F,F,100866,878,1456950
1256940,VendPymt,Y,1722,2022-09-25,,2022-09-29,0,0,0,10180,2022-09-25,2022-09-25,PV10180,VENDPYMT10180,PV10180,0,F,F,101079,897,1456954
1256943,VendPymt,Y,9379,2020-08-24,,2020-08-28,0,0,0,10181,2020-08-24,2020-08-24,PV10181,VENDPYMT10181,PV10181,0,F,F,100848,606,1456956
1256946,VendPymt,Y,4327,2022-05-11,,2022-05-15,0,0,0,10182,2022-05-11,2022-05-11,PV10182,VENDPYMT10182,PV10182,0,F,F,100698,633,1456959
1256950,VendPymt,Y,7322,2022-04-08,,2022-04-16,0,0,0,10183,2022-04-08,2022-04-08,PV10183,VENDPYMT10183,PV10183,0,F,F,101030,660,1456964
1256951,VendPymt,Y,6301,2021-04-06,,2021-04-08,0,0,0,10184,2021-04-06,2021-04-06,PV10184,VENDPYMT10184,PV10184,0,F,F,100961,805,1456966
1256953,VendPymt,0,8418,2020-09-29,,2020-10-05,0,0,0,10185,2020-09-29,2020-09-29,PV10185,VENDPYMT10185,PV10185,0,F,F,100920,809,1456969
1256956,VendPymt,Y,9813,2020-09-18,,2020-09-24,0,0,0,10186,2020-09-18,2020-09-18,PV10186,VENDPYMT10186,PV10186,0,F,F,101031,735,1456974
1256957,VendPymt,Y,7070,2021-08-25,,2021-08-27,0,0,0,10187,2021-08-25,2021-08-25,PV10187,VENDPYMT10187,PV10187,0,F,F,101018,927,1456979
1256962,VendPymt,Y,5544,2023-02-25,,2023-03-07,0,0,0,10188,2023-02-25,2023-02-25,PV10188,VENDPYMT10188,PV10188,0,F,F,100714,657,1456982
1256965,VendPymt,Y,6515,2020-07-20,,2020-07-22,0,0,0,10189,2020-07-20,2020-07-20,PV10189,VENDPYMT10189,PV10189,0,F,F,100737,743,1456983
1256966,VendPymt,Y,2156,2020-09-02,,2020-09-12,0,0,0,10190,2020-09-02,2020-09-02,PV10190,VENDPYMT10190,PV10190,0,F,F,101128,569,1456985
1256970,VendPymt,Y,2661,2022-07-12,,2022-07-13,0,0,0,10191,2022-07-12,2022-07-12,PV10191,VENDPYMT10191,PV10191,0,F,F,101077,452,1456990
1256971,VendPymt,Y,5621,2022-03-29,,2022-04-08,0,0,0,10192,2022-03-29,2022-03-29,PV10192,VENDPYMT10192,PV10192,0,F,F,100753,929,1456994
1256973,VendPymt,Y,8497,2023-01-18,,2023-01-23,0,0,0,10193,2023-01-18,2023-01-18,PV10193,VENDPYMT10193,PV10193,0,F,F,100933,747,1456997
1256976,VendPymt,Y,4796,2022-09-22,,2022-09-28,0,0,0,10194,2022-09-22,2022-09-22,PV10194,VENDPYMT10194,PV10194,0,F,F,101141,901,1457000
1256977,VendPymt,Y,9683,2020-09-14,,2020-09-16,0,0,0,10195,2020-09-14,2020-09-14,PV10195,VENDPYMT10195,PV10195,0,F,F,101035,652,1457005
1256978,VendPymt,0,8566,2022-06-16,,2022-06-26,0,0,0,10196,2022-06-16,2022-06-16,PV10196,VENDPYMT10196,PV10196,0,F,F,100958,605,1457009
1256983,VendPymt,Y,5268,2022-02-10,,2022-02-18,0,0,0,10197,2022-02-10,2022-02-10,PV10197,VENDPYMT10197,PV10197,0,F,F,100825,510,1457010
1256985,VendPymt,0,5350,2021-08-16,,2021-08-18,0,0,0,10198,2021-08-16,2021-08-16,PV10198,VENDPYMT10198,PV10198,0,F,F,100692,759,1457012
1256988,VendPymt,Y,785,2020-06-10,,2020-06-15,0,0,0,10199,2020-06-10,2020-06-10,PV10199,VENDPYMT10199,PV10199,0,F,F,100778,511,1457016
1256993,VendPymt,Y,4518,2021-07-16,,2021-07-17,0,0,0,10200,2021-07-16,2021-07-16,PV10200,VENDPYMT10200,PV10200,0,F,F,100692,745,1457019
1256996,VendPymt,Y,6815,2022-06-19,,2022-06-29,0,0,0,10201,2022-06-19,2022-06-19,PV10201,VENDPYMT10201,PV10201,0,F,F,100992,702,1457020
1256998,VendPymt,Y,5659,2021-10-23,,2021-10-26,0,0,0,10202,2021-10-23,2021-10-23,PV10202,VENDPYMT10202,PV10202,0,F,F,101144,915,1457021
1256999,VendPymt,Y,209,2022-09-02,,2022-09-11,0,0,0,10203,2022-09-02,2022-09-02,PV10203,VENDPYMT10203,PV10203,0,F,F,100892,768,1457024
1257000,VendPymt,Y,3725,2020-06-05,,2020-06-08,0,0,0,10204,2020-06-05,2020-06-05,PV10204,VENDPYMT10204,PV10204,0,F,F,100990,930,1457028
1257004,VendPymt,0,3450,2021-12-16,,2021-12-20,0,0,0,10205,2021-12-16,2021-12-16,PV10205,VENDPYMT10205,PV10205,0,F,F,100764,650,1457032
1257008,VendPymt,0,6800,2020-10-05,,2020-10-10,0,0,0,10206,2020-10-05,2020-10-05,PV10206,VENDPYMT10206,PV10206,0,F,F,100931,610,1457037
1257013,VendPymt,Y,8418,2020-08-27,,2020-09-04,0,0,0,10207,2020-08-27,2020-08-27,PV10207,VENDPYMT10207,PV10207,0,F,F,100969,909,1457039
1257015,VendPymt,Y,2917,2022-08-21,,2022-08-30,0,0,0,10208,2022-08-21,2022-08-21,PV10208,VENDPYMT10208,PV10208,0,F,F,100756,924,1457042
1257017,VendPymt,Y,6245,2022-04-19,,2022-04-25,0,0,0,10209,2022-04-19,2022-04-19,PV10209,VENDPYMT10209,PV10209,0,F,F,100921,655,1457045
1257021,VendPymt,Y,9863,2021-02-09,,2021-02-12,0,0,0,10210,2021-02-09,2021-02-09,PV10210,VENDPYMT10210,PV10210,0,F,F,100870,503,1457048
1257025,VendPymt,Y,7718,2022-03-26,,2022-03-28,0,0,0,10211,2022-03-26,2022-03-26,PV10211,VENDPYMT10211,PV10211,0,F,F,100787,628,1457049
1257030,VendPymt,Y,6641,2023-02-25,,2023-02-28,0,0,0,10212,2023-02-25,2023-02-25,PV10212,VENDPYMT10212,PV10212,0,F,F,101103,683,1457051
1257034,VendPymt,Y,9253,2022-08-24,,2022-08-26,0,0,0,10213,2022-08-24,2022-08-24,PV10213,VENDPYMT10213,PV10213,0,F,F,101033,793,1457052
1257039,VendPymt,Y,9293,2022-04-09,,2022-04-13,0,0,0,10214,2022-04-09,2022-04-09,PV10214,VENDPYMT10214,PV10214,0,F,F,100659,642,1457057
1257041,VendPymt,Y,3601,2022-04-27,,2022-05-01,0,0,0,10215,2022-04-27,2022-04-27,PV10215,VENDPYMT10215,PV10215,0,F,F,101025,652,1457060
1257046,VendPymt,Y,3738,2022-02-21,,2022-03-03,0,0,0,10216,2022-02-21,2022-02-21,PV10216,VENDPYMT10216,PV10216,0,F,F,100811,613,1457064
1257048,VendPymt,Y,8504,2021-02-25,,2021-03-04,0,0,0,10217,2021-02-25,2021-02-25,PV10217,VENDPYMT10217,PV10217,0,F,F,100688,779,1457067
1257051,VendPymt,Y,2126,2022-12-14,,2022-12-17,0,0,0,10218,2022-12-14,2022-12-14,PV10218,VENDPYMT10218,PV10218,0,F,F,100999,857,1457069
1257053,VendPymt,Y,7184,2021-12-07,,2021-12-16,0,0,0,10219,2021-12-07,2021-12-07,PV10219,VENDPYMT10219,PV10219,0,F,F,100940,771,1457072
1257058,VendPymt,Y,4758,2023-01-10,,2023-01-13,0,0,0,10220,2023-01-10,2023-01-10,PV10220,VENDPYMT10220,PV10220,0,F,F,100733,804,1457077
1257059,VendPymt,Y,9849,2021-03-02,,2021-03-04,0,0,0,10221,2021-03-02,2021-03-02,PV10221,VENDPYMT10221,PV10221,0,F,F,100730,876,1457078
1257064,VendPymt,Y,7467,2020-08-21,,2020-08-26,0,0,0,10222,2020-08-21,2020-08-21,PV10222,VENDPYMT10222,PV10222,0,F,F,100939,671,1457080
1257065,VendPymt,Y,6230,2022-09-28,,2022-10-02,0,0,0,10223,2022-09-28,2022-09-28,PV10223,VENDPYMT10223,PV10223,0,F,F,100941,517,1457083
1257070,VendPymt,Y,6230,2021-09-13,,2021-09-15,0,0,0,10224,2021-09-13,2021-09-13,PV10224,VENDPYMT10224,PV10224,0,F,F,101018,600,1457088
1257072,VendPymt,Y,1450,2021-09-26,,2021-10-06,0,0,0,10225,2021-09-26,2021-09-26,PV10225,VENDPYMT10225,PV10225,0,F,F,100792,890,1457089
1257074,VendPymt,Y,1637,2021-11-15,,2021-11-21,0,0,0,10226,2021-11-15,2021-11-15,PV10226,VENDPYMT10226,PV10226,0,F,F,100812,760,1457090
1257079,VendPymt,Y,1563,2022-06-07,,2022-06-12,0,0,0,10227,2022-06-07,2022-06-07,PV10227,VENDPYMT10227,PV10227,0,F,F,100946,928,1457091
1257081,VendPymt,Y,3986,2020-10-27,,2020-11-01,0,0,0,10228,2020-10-27,2020-10-27,PV10228,VENDPYMT10228,PV10228,0,F,F,100684,709,1457093
1257085,VendPymt,Y,4698,2021-11-18,,2021-11-26,0,0,0,10229,2021-11-18,2021-11-18,PV10229,VENDPYMT10229,PV10229,0,F,F,100743,469,1457098
1257088,VendPymt,Y,2711,2023-02-06,,2023-02-07,0,0,0,10230,2023-02-06,2023-02-06,PV10230,VENDPYMT10230,PV10230,0,F,F,100998,891,1457100
1257090,VendPymt,Y,1891,2020-08-28,,2020-09-07,0,0,0,10231,2020-08-28,2020-08-28,PV10231,VENDPYMT10231,PV10231,0,F,F,100672,801,1457105
1257094,VendPymt,Y,9581,2021-04-07,,2021-04-13,0,0,0,10232,2021-04-07,2021-04-07,PV10232,VENDPYMT10232,PV10232,0,F,F,100772,641,1457108
1257095,VendPymt,Y,5373,2021-11-07,,2021-11-12,0,0,0,10233,2021-11-07,2021-11-07,PV10233,VENDPYMT10233,PV10233,0,F,F,100773,569,1457111
1257096,VendPymt,Y,6238,2022-03-05,,2022-03-15,0,0,0,10234,2022-03-05,2022-03-05,PV10234,VENDPYMT10234,PV10234,0,F,F,100844,641,1457112
1257100,VendPymt,Y,6932,2020-05-23,,2020-05-26,0,0,0,10235,2020-05-23,2020-05-23,PV10235,VENDPYMT10235,PV10235,0,F,F,101089,753,1457114
1257103,VendPymt,Y,7535,2023-01-04,,2023-01-14,0,0,0,10236,2023-01-04,2023-01-04,PV10236,VENDPYMT10236,PV10236,0,F,F,100973,668,1457119
1257107,VendPymt,Y,9887,2022-03-04,,2022-03-09,0,0,0,10237,2022-03-04,2022-03-04,PV10237,VENDPYMT10237,PV10237,0,F,F,100760,529,1457120
1257110,VendPymt,Y,6050,2022-03-08,,2022-03-13,0,0,0,10238,2022-03-08,2022-03-08,PV10238,VENDPYMT10238,PV10238,0,F,F,100671,880,1457124
1257115,VendPymt,Y,6238,2022-10-18,,2022-10-27,0,0,0,10239,2022-10-18,2022-10-18,PV10239,VENDPYMT10239,PV10239,0,F,F,101041,819,1457127
1257116,VendPymt,Y,234,2022-04-05,,2022-04-14,0,0,0,10240,2022-04-05,2022-04-05,PV10240,VENDPYMT10240,PV10240,0,F,F,101033,559,1457129
1257119,VendPymt,0,2406,2022-04-22,,2022-04-24,0,0,0,10241,2022-04-22,2022-04-22,PV10241,VENDPYMT10241,PV10241,0,F,F,101062,737,1457130
1257121,VendPymt,Y,8067,2022-04-28,,2022-05-05,0,0,0,10242,2022-04-28,2022-04-28,PV10242,VENDPYMT10242,PV10242,0,F,F,100805,747,1457135
1257125,VendPymt,Y,5373,2021-02-23,,2021-03-05,0,0,0,10243,2021-02-23,2021-02-23,PV10243,VENDPYMT10243,PV10243,0,F,F,100810,668,1457140
1257129,VendPymt,Y,4544,2023-01-06,,2023-01-16,0,0,0,10244,2023-01-06,2023-01-06,PV10244,VENDPYMT10244,PV10244,0,F,F,101092,485,1457144
1257131,VendPymt,Y,7652,2021-11-06,,2021-11-09,0,0,0,10245,2021-11-06,2021-11-06,PV10245,VENDPYMT10245,PV10245,0,F,F,101130,846,1457146
1257136,VendPymt,Y,3199,2022-04-19,,2022-04-24,0,0,0,10246,2022-04-19,2022-04-19,PV10246,VENDPYMT10246,PV10246,0,F,F,100793,852,1457147
1257141,VendPymt,Y,2199,2021-03-30,,2021-04-07,0,0,0,10247,2021-03-30,2021-03-30,PV10247,VENDPYMT10247,PV10247,0,F,F,100870,492,1457148