ID,FULLNAME,DISPLAYNAME,Cost?,DELETE_randitem
14,528-165-102,600-2 1/4X1/8 FTGXC FTG REDUCER WROT,85,528165102
15,760-013-529,600-2 3/8X1/4 FTGXC FTG REDUCER WROT,49,760013529
16,226-222-778,600-2 3/8X1/8 FTGXC FTG REDUCER WROT,41,226222778
17,898-203-530,600-2 1/2X3/8 FTGXC FTG REDUCER WROT,9,898203530
18,747-414-532,600-2 1/2X1/4 FTGXC FTG REDUCER WROT,96,747414532
19,584-313-751,600-2 5/8X1/2 FTGXC FTG REDUCER WROT,79,584313751
20,139-036-912,600-2 5/8X3/8 FTGXC FTG REDUCER WROT,5,139036912
21,441-409-718,600-2 5/8X1/4 FTGXC FTG REDUCER WROT,36,441409718
22,491-190-864,600-2 3/4X5/8 FTGXC FTG REDUCER WROT,71,491190864
23,174-737-045,600-2 3/4X1/2 FTGXC FTG REDUCER WROT,76,174737045
24,874-395-034,600-2 3/4X3/8 FTGXC FTG REDUCER WROT,41,874395034
25,806-542-532,600-2 3/4X1/4 FTGXC FTG REDUCER WROT,72,806542532
26,121-773-863,600-2 1X3/4 FTGXC FTG REDUCER WROT,80,121773863
27,691-643-593,600-2 1X5/8 FTGXC FTG REDUCER WROT,60,691643593
28,267-512-176,600-2 1X1/2 FTGXC FTG REDUCER WROT,86,267512176
29,100-025-143,600-2 1X3/8 FTGXC FTG REDUCER WROT,74,100025143
30,750-389-966,600-2 11/4X1 FTGXC FTG REDUCER WROT,43,750389966
31,323-923-559,600-2 11/4X3/4 FTGXC FTG REDUCER WROT,67,323923559
32,835-979-067,600-2 11/4X1/2 FTGXC FTG REDUCER WROT,70,835979067
33,114-428-245,600-2 11/2X11/4 FTGXC FTG REDUCER WROT,68,114428245
34,176-312-995,600-2 11/2X1 FTGXC FTG REDUCER WROT,84,176312995
35,336-301-684,600-2 11/2X3/4 FTGXC FTG REDUCER WROT,19,336301684
36,513-783-638,600-2 11/2X1/2 FTGXC FTG REDUCER WROT,100,513783638
37,747-708-035,600-2 2X11/2 FTGXC FTG REDUCER WROT,43,747708035
38,114-703-469,600-2 2X11/4 FTGXC FTG REDUCER WROT,56,114703469
39,716-094-811,600-2 2X1 FTGXC FTG REDUCER WROT,19,716094811
40,775-179-898,600-2 2X3/4 FTGXC FTG REDUCER WROT,10,775179898
41,487-722-993,600-2 2X1/2 FTGXC FTG REDUCER WROT,44,487722993
42,343-698-889,600-2 21/2X2 FTGXC FTG REDUCER WROT,45,343698889
43,129-176-852,600-2 21/2X11/2 FTGXC FTG REDUCER WROT,64,129176852
44,260-290-014,600-2 21/2X11/4 FTGXC FTG REDUCER WROT,4,260290014
45,525-338-407,600-2 21/2X1 FTGXC FTG REDUCER WROT,98,525338407
46,342-736-210,600-2 3X21/2 FTGXC FTG REDUCER WROT,19,342736210
47,559-727-145,600-2 3X2 FTGXC FTG REDUCER WROT,94,559727145
48,409-122-967,600-2 3X11/2 FTGXC FTG REDUCER WROT,41,409122967
49,426-726-688,600-2 3X11/4 FTGXC FTG REDUCER WROT,8,426726688
50,427-613-746,600-2 31/2X3 FTGXC FTG REDUCER WROT,25,427613746
51,335-118-327,600-2 4X31/2 FTGXC FTG REDUCER WROT,78,335118327
52,192-953-733,600-2 4X3 FTGXC FTG REDUCER WROT,59,192953733
53,257-407-464,600-2 4X21/2 FTGXC FTG REDUCER WROT,49,257407464
54,193-015-571,600-2 4X2 FTGXC FTG REDUCER WROT,2,193015571
55,299-792-449,600-2 5X4 FTGXC FTG REDUCER WROT,48,299792449
56,436-055-854,600-2 5X3 FTGXC FTG REDUCER WROT,58,436055854
57,837-254-087,600-2 5X21/2 FTGXC FTG REDUCER WROT,1,837254087
58,623-238-695,600-2 5X2 FTGXC FTG REDUCER WROT,63,623238695
59,537-252-427,600-2 6X5 FTGXC FTG REDUCER WROT,18,537252427
60,896-711-433,600-2 6X4 FTGXC FTG REDUCER WROT,2,896711433
61,882-638-978,600-2 6X3 FTGXC FTG REDUCER WROT,85,882638978
62,186-036-821,600-2 6X21/2 FTGXC FTG REDUCER WROT,26,186036821
63,457-411-490,600-2 6X2 FTGXC FTG REDUCER WROT,60,457411490
64,421-739-511,600-2 8X6 FTGXC FTG REDUCER WROT,39,421739511
65,620-117-022,600-2 8X5 FTGXC FTG REDUCER WROT,21,620117022
66,670-583-698,600-2 8X4 FTGXC FTG REDUCER WROT,97,670583698
67,856-286-367,600-2 8X3 FTGXC FTG REDUCER WROT,44,856286367
68,574-296-715,600-2 8X21/2 FTGXC FTG REDUCER WROT,71,574296715
69,365-313-119,600-2 8X2 FTGXC FTG REDUCER WROT,79,365313119
70,453-599-464,600DS 3/16OD CXC DIMP-STOP COUPLING WROT,43,453599464
71,738-616-150,600DS 1/8 CXC DIMP-STOP COUPLING WROT,19,738616150
72,131-808-807,600DS 5/16OD DIMP-STOP COUPLING WROT,99,131808807
73,880-081-385,600DS 1/4 CXC DIMP-STOP COUPLING WROT,61,880081385
74,200-840-044,600DS 3/8 CXC DIMP-STOP COUPLING WROT,90,200840044
75,413-305-207,600DS 1/2 CXC DIMP-STOP COUPLING WROT,2,413305207
76,287-362-215,600DS 5/8 CXC DIMP-STOP COUPLING WROT,34,287362215
77,769-799-223,600DS 3/4 CXC DIMP-STOP COUPLING WROT,9,769799223
78,875-304-660,600DS 7/8 CXC DIMP-STOP COUPLING WROT,38,875304660
79,289-947-339,600DS 1 CXC DIMP-STOP COUPLING WROT,93,289947339
80,434-163-486,600DS 11/4 CXC DIMP-STOP COUPLING WROT,55,434163486
81,243-673-753,600DS 11/2 CXC DIMP-STOP COUPLING WROT,41,243673753
82,597-829-291,600DS 2 CXC DIMP-STOP COUPLING WROT,91,597829291
83,898-079-469,600DS 21/2 CXC DIMP-STOP COUPLING WROT,95,898079469
84,507-023-067,600DS 3 CXC DIMP-STOP COUPLING WROT,46,507023067
85,870-822-155,600DS 31/2 CXC DIMP-STOP COUPLING WROT,52,870822155
86,845-310-210,600DS 4 CXC DIMP-STOP COUPLING WROT,41,845310210
87,305-436-368,600DS 5 CXC DIMP-STOP COUPLING WROT,75,305436368
88,752-553-380,600DS 6 CXC DIMP-STOP COUPLING WROT,22,752553380
89,886-255-466,600DS 8 CXC DIMP-STOP COUPLING WROT,18,886255466
90,377-607-039,600R 1/8X3/16OD CXC REDUCING COUPLING,82,377607039
91,780-074-818,600R 5/16ODX1/8 CXC REDUCING COUPLING,80,780074818
92,594-856-899,600R 1/4X5/16OD REDUCING COUPLING WROT,35,594856899
93,405-418-288,600R 1/4X1/8 CXC REDUCING COUPLING WROT,19,405418288
94,773-480-681,600R 3/8X1/4 CXC REDUCING COUPLING WROT,8,773480681
95,414-960-135,600R 3/8X5/16OD REDUCING COUPLING WROT,54,414960135
96,308-904-835,600R 3/8X1/8 CXC REDUCING COUPLING WROT,31,308904835
97,577-333-952,600R 1/2X3/8 CXC REDUCING COUPLING WROT,79,577333952
98,430-019-292,600R 1/2X1/8 CXC REDUCING COUPLING WROT,97,430019292
99,633-629-916,600R 1/2X1/4 CXC REDUCING COUPLING WROT,10,633629916
100,893-377-315,600R 5/8X1/2 CXC REDUCING COUPLING WROT,65,893377315
101,891-989-265,600R 5/8X3/8 CXC REDUCING COUPLING WROT,85,891989265
102,887-664-470,600R 5/8X1/4 CXC REDUCING COUPLING WROT,10,887664470
103,313-689-613,600R 3/4X5/8 CXC REDUCING COUPLING WROT,51,313689613
104,325-175-608,600R 3/4X1/2 CXC REDUCING COUPLING WROT,36,325175608
105,468-381-467,600R 3/4X3/8 CXC REDUCING COUPLING WROT,41,468381467
106,394-957-300,600R 3/4X1/4 CXC REDUCING COUPLING WROT,59,394957300
107,305-548-713,600R 1X3/4 CXC REDUCING COUPLING WROT,25,305548713
108,168-358-655,600R 1X5/8 CXC REDUCING COUPLING WROT,76,168358655
109,641-415-471,600R 1X1/2 CXC REDUCING COUPLING WROT,10,641415471
110,754-062-698,600R 1X3/8 CXC REDUCING COUPLING WROT,98,754062698
111,787-191-035,600R 11/4X1 CXC REDUCING COUPLING WROT,2,787191035
112,495-314-193,600R 11/4X3/4 CXC REDUCING COUPLING WROT,95,495314193
113,267-084-219,600R 11/4X5/8 CXC REDUCING COUPLING WROT,54,267084219
114,397-891-558,600R 11/4X1/2 CXC REDUCING COUPLING WROT,12,397891558
115,181-793-929,600R 11/2X11/4 CXC REDUCING COUPLING,41,181793929
116,246-167-081,600R 11/2X1 CXC REDUCING COUPLING WROT,4,246167081
117,317-870-842,600R 11/2X3/4 CXC REDUCING COUPLING WROT,3,317870842
118,231-814-953,600R 11/2X1/2 CXC REDUCING COUPLING WROT,79,231814953
119,697-082-214,600R 2X11/2 CXC REDUCING COUPLING WROT,98,697082214
120,110-083-009,600R 2X11/4 CXC REDUCING COUPLING WROT,58,110083009
121,289-410-911,600R 2X1 CXC REDUCING COUPLING WROT,98,289410911
122,700-299-736,600R 2X3/4 CXC REDUCING COUPLING WROT,54,700299736
123,808-092-695,600R 2X1/2 CXC REDUCING COUPLING WROT,32,808092695
124,536-670-139,600R 21/2X2 CXC REDUCING COUPLING WROT,47,536670139
125,480-293-855,600R 21/2X11/2 CXC REDUCING COUPLING,12,480293855
126,627-827-223,600R 21/2X11/4 CXC REDUCING COUPLING,48,627827223
127,621-127-403,600R 21/2X1 CXC REDUCING COUPLING WROT,84,621127403
128,641-280-696,600R 3X21/2 CXC REDUCING COUPLING WROT,15,641280696
129,686-647-679,600R 3X2 CXC REDUCING COUPLING WROT,36,686647679
130,896-143-219,600R 3X11/2 CXC REDUCING COUPLING WROT,27,896143219
131,331-356-436,600R 31/2X3 CXC REDUCING COUPLING WROT,62,331356436
132,709-848-110,600R 4X31/2 CXC REDUCING COUPLING WROT,44,709848110
133,505-416-858,600R 4X3 CXC REDUCING COUPLING WROT,21,505416858
134,676-240-728,600R 4X21/2 CXC REDUCING COUPLING WROT,86,676240728
135,677-541-404,600R 4X2 CXC REDUCING COUPLING WROT,95,677541404
136,721-138-678,600R 5X4 CXC REDUCING COUPLING WROT,24,721138678
137,680-968-585,600R 5X3 CXC REDUCING COUPLING WROT,22,680968585
138,852-730-642,600R 5X21/2 REDUCING COUPLING WROT,49,852730642
139,126-371-593,600R 5X2 CXC REDUCING COUPLING WROT,72,126371593
140,826-354-305,600R 6X5 CXC REDUCING COUPLING WROT,37,826354305
141,418-701-743,600R 6X4 CXC REDUCING COUPLING WROT,39,418701743
142,300-545-466,600R 6X3 CXC REDUCING COUPLING WROT,75,300545466
143,632-145-127,600R 6X21/2 CXC REDUCING COUPLING WROT,49,632145127
144,209-491-263,600R 6X2 CXC REDUCING COUPLING WROT,32,209491263
145,692-838-318,600R 8X6 CXC REDUCING COUPLING WROT,94,692838318
146,599-173-395,600R 8X4 CXC REDUCING COUPLING WROT,39,599173395
147,646-200-447,600R 8X3 CXC REDUCING COUPLING WROT,13,646200447
148,395-710-939,600R 8X21/2 CXC REDUCING COUPLING WROT,81,395710939
149,103-356-607,600RS 3/16OD CXC ROLL-STOP COUPLING WROT,33,103356607
150,104-594-961,600RS 1/8 CXC ROLL-STOP COUPLING WROT,75,104594961
151,861-471-049,600RS 5/16OD CXC ROLL-STOP COUPLING WROT,95,861471049
152,548-015-344,600RS 1/4 CXC ROLL-STOP COUPLING WROT,13,548015344
153,519-665-661,600RS 3/8 CXC ROLL-STOP COUPLING WROT,97,519665661
154,119-339-097,600RS 1/2 CXC ROLL-STOP COUPLING WROT,36,119339097
155,310-944-831,600RS 5/8 CXC ROLL-STOP COUPLING WROT,17,310944831
156,567-110-517,600RS 3/4 CXC ROLL-STOP COUPLING WROT,52,567110517
157,815-184-055,600RS 7/8 CXC ROLL-STOP COUPLING WROT,11,815184055
158,606-677-159,600RS 1 CXC ROLL-STOP COUPLING WROT,15,606677159
159,285-231-231,600RS 11/4 CXC ROLL-STOP COUPLING WROT,54,285231231
160,461-827-118,600RS 11/2 CXC ROLL-STOP COUPLING WROT,42,461827118
161,700-746-103,600RS 2 CXC ROLL-STOP COUPLING WROT,16,700746103
162,144-232-688,600RS 21/2 CXC ROLL-STOP COUPLING WROT,92,144232688
163,629-077-428,600RS 3 CXC ROLL-STOP COUPLING WROT,55,629077428
164,562-835-638,600RS 31/2 CXC ROLL-STOP COUPLING WROT,53,562835638
165,470-221-710,600RS 4 CXC ROLL-STOP COUPLING WROT,96,470221710
166,673-122-237,601 1/4 CXC COUPLING W/O STOP WROT,25,673122237
167,209-470-194,601 3/8 CXC COUPLING W/O STOP WROT,81,209470194
168,473-175-474,601 1/2 CXC COUPLING W/O STOP WROT,21,473175474
169,135-295-292,601 5/8 CXC COUPLING W/O STOP WROT,20,135295292
170,444-485-408,601 3/4 CXC COUPLING W/O STOP WROT,99,444485408
171,475-524-469,601 1 CXC COUPLING W/O STOP WROT,71,475524469
172,158-132-224,601 11/4 CXC COUPLING W/O STOP WROT,73,158132224
173,502-394-815,601 11/2 CXC COUPLING W/O STOP WROT,100,502394815
174,718-829-557,601 2 CXC COUPLING W/O STOP WROT,39,718829557
175,334-152-938,601 21/2 CXC COUPLING W/O STOP WROT,38,334152938
176,371-555-148,601 3 CXC COUPLING W/O STOP WROT,94,371555148
177,745-828-510,601 31/2 CXC COUPLING WITHOUT STOP WROT,71,745828510
178,713-767-600,601 4 CXC COUPLING W/O STOP WROT,64,713767600
179,216-488-165,601 5 CXC COUPLING W/O STOP WROT,17,216488165
180,435-999-871,601 6 CXC COUPLING W/O STOP WROT,45,435999871
181,221-738-668,601 8 CXC COUPLING W/O STOP WROT,69,221738668
182,477-085-630,603 1/8 CXF ADAPTER WROT,54,477085630
183,471-712-605,603R 1/8X1/4 CXF ADAPTER WROT,89,471712605
184,256-031-793,603 1/4 CXF ADAPTER WROT,42,256031793
185,732-730-252,603R 1/4X3/8 CXF ADAPTER WROT,2,732730252
186,536-412-341,603R 1/4X1/8 CXF ADAPTER WROT,61,536412341
187,382-422-194,603 3/8 CXF ADAPTER WROT,52,382422194
188,835-626-981,603R 3/8X3/4 CXF ADAPTER WROT,9,835626981
189,417-299-318,603R 3/8X1/2 CXF ADAPTER WROT,17,417299318
190,565-443-646,603R 3/8X1/4 CXF ADAPTER WROT,31,565443646
191,133-841-157,603 1/2 CXF ADAPTER WROT,2,133841157
192,311-533-209,603R 1/2X3/4 CXF ADAPTER WROT,28,311533209
193,254-197-541,603R 1/2X3/8 CXF ADAPTER WROT,85,254197541
194,775-116-901,603R 1/2X1/4 CXF ADAPTER WROT,58,775116901
195,830-960-927,603R 5/8X3/4 CXF ADAPTER WROT,6,830960927
196,241-066-694,603R 5/8X1/2 CXF ADAPTER WROT,9,241066694
197,285-480-345,603 3/4 CXF ADAPTER WROT,67,285480345
198,399-389-816,603R 3/4X1 CXF ADAPTER WROT,78,399389816
199,201-909-345,603R 3/4X1/2 CXF ADAPTER WROT,76,201909345
200,873-951-554,603 1 CXF ADAPTER WROT,72,873951554
201,470-464-595,603R 1X11/4 CXF ADAPTER WROT,62,470464595
202,170-849-746,603R 1X3/4 CXF ADAPTER WROT,83,170849746
203,773-336-102,603R 1X1/2 CXF ADAPTER WROT,16,773336102
204,739-657-492,603 11/4 CXF ADAPTER WROT,56,739657492
205,189-113-832,603-R 11/4X3/4 CXF ADAPTER WROT,16,189113832
206,814-295-702,603R 11/4X11/2 CXF ADAPTER WROT,49,814295702
207,507-187-738,603R 11/4X1 CXF ADAPTER WROT,89,507187738
208,147-920-622,603 11/2 CXF ADAPTER WROT,66,147920622
209,186-165-332,603 2 CXF ADAPTER WROT,32,186165332
210,839-084-385,603R 2X11/2 CXF ADAPTER WROT,20,839084385
211,548-980-250,603 21/2 CXF ADAPTER WROT,97,548980250
212,645-597-347,603 3 CXF ADAPTER WROT,65,645597347
213,228-800-038,603 4 CXF ADAPTER WROT,73,228800038
214,438-260-723,603-2 1/4 FTGXF ADAPTER WROT,20,438260723
215,285-662-355,603-2 3/8 FTGXF ADAPTER WROT,47,285662355
216,561-482-072,603-2 1/2 FTGXF ADAPTER WROT,30,561482072
217,311-085-396,603-2R 1/2X3/8 FTGXF ADAPTER WROT,47,311085396
218,658-469-508,603-2 3/4 FTGXF ADAPTER WROT,3,658469508
219,572-178-567,603-2R 3/4X1/4 FTGXF ADAPTER WROT,48,572178567
220,513-649-516,603-2 1 FTGXF ADAPTER WROT,71,513649516
221,161-172-891,603-2 11/4 FTGXF ADAPTER WROT,75,161172891
222,479-035-949,603-2 11/2 FTGXF ADAPTER WROT,47,479035949
223,286-883-454,603-2 2 FTGXF ADAPTER WROT,78,286883454
224,476-733-237,603-2 21/2 FTGXF ADAPTER WROT,73,476733237
225,202-299-040,603-2 3 FTGXF ADAPTER WROT,28,202299040
226,853-943-649,603R 11/2X11/4 CXF ADAPTER WROT,48,853943649
227,465-817-159,603R 11/2X2 CXF ADAPTER WROT,12,465817159
228,857-348-784,603R 11/2X1 CXF ADAPTER WROT,90,857348784
229,478-826-222,604R 1/8X1/4 CXM ADAPTER WROT,79,478826222
230,500-688-114,604R 3/8X1/4 CXM ADAPTER WROT,89,500688114
231,887-940-599,604 1/4 CXM ADAPTER WROT,3,887940599
232,344-698-747,604R 1/4X1/2 CXM ADAPTER WROT,62,344698747
233,275-109-418,604 3/8 CXM ADAPTER WROT,72,275109418
234,556-456-793,604R 3/8X3/4 CXM ADAPTER WROT,29,556456793
235,865-819-347,604R 3/8X1/2 CXM ADAPTER WROT,73,865819347
236,630-240-138,604 1/2 CXM ADAPTER WROT,6,630240138
237,314-124-190,604R 1/2X1 CXM ADAPTER WROT,45,314124190
238,137-533-835,604R 1/2X3/4 CXM ADAPTER WROT,46,137533835
239,801-266-892,604R 1/2X3/8 CXM ADAPTER WROT,81,801266892
240,456-109-815,604R 1/2X1/4 CXM ADAPTER WROT,76,456109815
241,246-742-061,604R 5/8X3/4 CXM ADAPTER WROT,40,246742061
242,687-594-032,604R 5/8X1/2 CXM ADAPTER WROT,99,687594032
243,530-057-157,604 3/4 CXM ADAPTER WROT,98,530057157
244,442-182-507,604R 3/4X1 CXM ADAPTER WROT,70,442182507
245,388-345-224,604R 3/4X1/2 CXM ADAPTER WROT,12,388345224
246,791-749-486,604 1 CXM ADAPTER WROT,79,791749486
247,681-817-500,604R 1X11/2 CXM ADAPTER WROT,55,681817500
248,850-477-818,604R 1X11/4 CXM ADAPTER WROT,41,850477818
249,261-566-055,604R 1X3/4 CXM ADAPTER WROT,97,261566055
250,363-083-811,604R 1X1/2 CXM ADAPTER WROT,37,363083811
251,340-414-345,604 11/4 CXM ADAPTER WROT,6,340414345
252,465-126-791,604R 11/4X11/2 CXM ADAPTER WROT,61,465126791
253,878-290-959,604R 11/4X1 CXM ADAPTER WROT,6,878290959
254,209-835-475,604R 11/4X3/4 CXM ADAPTER WROT,42,209835475
255,544-694-157,604 11/2 CXM ADAPTER WROT,85,544694157
256,578-378-616,604R 11/2X1 CXM ADAPTER WROT,11,578378616
257,608-863-663,604R 11/2X11/4 CXM ADAPTER WROT,30,608863663
258,899-416-361,604R 11/2X2 CXM ADAPT WROT,32,899416361
259,551-647-599,604 2 CXM ADAPTER WROT,55,551647599
260,250-673-141,604R 2X11/2 CXM ADAPTER WROT,20,250673141
261,319-288-545,604 21/2 CXM ADAPTER WROT,66,319288545
262,593-585-570,604 3 CXM ADAPTER WROT,19,593585570
263,293-553-287,604 4 CXM ADAPTER WROT,52,293553287
264,467-538-011,604-2 1/4 FTGXM ADAPTER WROT,61,467538011
265,783-252-727,604-2 3/8 FTGXM ADAPTER WROT,20,783252727
266,648-036-017,604-2 1/2 FTGXM ADAPTER WROT,11,648036017
267,142-041-101,604-2R 1/2X3/4 FTGXM ADAPTER WROT,78,142041101
268,152-790-877,604-2R 1/2X3/8 FTGXM ADAPTER WROT,82,152790877
269,673-589-587,604-2 3/4 FTGXM ADAPTER WROT,27,673589587
270,533-304-500,604-2R 3/4X1/2 FTGXM ADAPTER WROT,39,533304500
271,626-586-995,604-2 1 FTGXM ADAPTER WROT,56,626586995
272,286-115-245,604-2 11/4 FTGXM ADAPTER WROT,76,286115245
273,552-421-655,604-2 11/2 FTGXM ADAPTER WROT,73,552421655
274,891-742-037,604-2 2 FTGXM ADAPTER WROT,55,891742037
275,437-474-526,604-2 21/2 FTGXM ADAPTER WROT,88,437474526
276,474-698-387,604-2 3 FTGXM ADAPTER WROT,88,474698387
277,306-506-098,604-F 1/2 CXM FLUSH ADAPTER WROT,67,306506098
278,317-718-941,604-F 3/4 CXM FLUSH ADAPTER WROT,38,317718941
279,445-368-297,606 1/8 CXC 45 ELBOW WROT,100,445368297
280,291-616-951,606 1/4 CXC 45 ELBOW WROT,32,291616951
281,700-419-506,606 3/8 CXC 45 ELBOW WROT,13,700419506
282,640-272-095,606 1/2 CXC 45 ELBOW WROT,90,640272095
283,789-409-254,606 5/8 CXC 45 ELBOW WROT,76,789409254
284,310-610-478,606 3/4 CXC 45 ELBOW WROT,28,310610478
285,383-549-696,606 7/8 CXC 45 ELBOW CXC WROT,78,383549696
286,596-218-603,606 1 CXC 45 ELBOW WROT,8,596218603
287,710-224-743,606 11/4 CXC 45 ELBOW WROT,37,710224743
288,847-237-819,606 11/2 CXC 45 ELBOW WROT,6,847237819
289,166-502-232,606 2 CXC 45 ELBOW WROT,17,166502232
290,165-149-753,606 21/2 CXC 45 ELBOW WROT,55,165149753
291,785-339-612,606 3 CXC 45 ELBOW WROT,42,785339612
292,890-509-464,606 3 1/2 CXC 45 ELBOW WROT,80,890509464
293,265-082-391,606 4 CXC 45 ELBOW WROT,1,265082391
294,860-330-575,606 5 CXC 45 ELBOW WROT,82,860330575
295,735-840-061,606 6 CXC 45 ELBOW WROT,75,735840061
296,452-497-626,606 8 CXC 45 ELBOW WROT,2,452497626
297,586-463-602,606-2 1/4 FTGXC 45 DEG ELBOW WROT,94,586463602
298,898-321-791,606-2 3/8 FTGXC 45 DEG ELBOW WROT,65,898321791
299,479-860-984,606-2 1/2 FTGXC 45 ELBOW WROT,5,479860984
300,838-787-848,606-2 5/8 FTGXC 45 FTG ELBOW WROT,20,838787848
301,714-702-282,606-2 3/4 FTGXC 45 FTG ELBOW WROT,18,714702282
302,184-630-268,606-2 1 FTGXC 45 FTG ELBOW WROT,7,184630268
303,570-425-928,606-2 11/4 FTGXC 45 FTG ELBOW WROT,70,570425928
304,716-742-610,606-2 11/2 FTGXC 45 FTG ELBOW WROT,71,716742610
305,647-965-221,606-2 2 FTGXC 45 FTG ELBOW WROT,97,647965221
306,213-499-804,606-2 21/2 FTGXC 45 FTG ELBOW WROT,99,213499804
307,873-938-363,606-2 3 FTGXC 45 FTG ELBOW WROT,27,873938363
308,209-944-301,606-2 4 FTGXC 45 FTG ELBOW WROT,77,209944301
309,613-511-966,607 1/8 CXC 90 ELBOW WROT,12,613511966
310,551-341-109,607 1/4 CXC 90 ELBOW WROT,68,551341109
311,772-345-741,607 3/8 CXC 90 ELBOW WROT,55,772345741
312,734-821-615,607 1/2 CXC 90 ELBOW WROT,1,734821615
313,348-790-010,607R 1/2X3/8 CXC 90 ELBOW WROT,18,348790010
314,608-282-613,607R 5/8X3/8 CXC 90 ELBOW WROT,91,608282613
315,856-590-993,607 3/4 CXC 90 ELBOW WROT,54,856590993
316,282-603-815,607R 3/4X5/8 CXC 90 ELBOW WROT,64,282603815
317,545-391-643,607R 3/4X1/2 CXC 90 ELBOW WROT,97,545391643
318,802-218-657,607 7/8 CXC 90 ELBOW WROT,2,802218657
319,422-880-744,607 1 CXC 90 ELBOW WROT,53,422880744
320,825-231-372,607R 1X3/4 CXC 90 ELBOW WROT,48,825231372
321,135-923-255,607 11/4 CXC 90 ELBOW WROT,3,135923255
322,622-623-477,607 11/2 CXC 90 ELBOW WROT,94,622623477
323,544-107-145,607R 11/2X11/4 CXC 90 ELBOW WROT,19,544107145
324,810-965-693,607 2 CXC 90 ELBOW WROT,82,810965693
325,258-976-710,607R 2X11/2 CXC 90 ELBOW WROT,23,258976710
326,857-224-793,607R 3/8X1/4 90 DEG ELBOW WROT,59,857224793
327,405-595-067,607 21/2 CXC 90 ELBOW WROT,10,405595067
328,308-737-906,607 3 CXC 90 ELBOW WROT,57,308737906
329,650-446-104,607 31/2 CXC 90 ELBOW WROT,13,650446104
330,558-984-775,607 4 CXC 90 ELBOW WROT,87,558984775
331,741-731-292,607 5 CXC 90 ELBOW WROT,23,741731292
332,853-543-063,607 6 CXC 90 ELBOW WROT,63,853543063
333,248-620-556,607 8 CXC 90 ELBOW WROT,75,248620556
334,220-923-285,607-2 1/4 FTGXC 90 FTG ELBOW WROT,7,220923285
335,419-279-429,607-2 3/8 FTGXC 90 FTG ELBOW WROT,55,419279429
336,643-391-763,607-2 1/2 FTGXC 90 FTG ELBOW WROT,90,643391763
337,678-381-517,607-2 3/4 FTGXC 90 FTG ELBOW WROT,92,678381517
338,554-875-961,607-2 1 FTGXC 90 FTG ELBOW WROT,53,554875961
339,481-528-213,607-2 11/4 FTGXC 90 FTG ELBOW WROT,91,481528213
340,771-053-161,607-2 11/2 FTGXC 90 FTG ELBOW WROT,91,771053161
341,206-440-886,607-2 2 FTGXC 90 FTG ELBOW WROT,12,206440886
342,202-464-222,607-2 21/2 FTGXC 90 FTG ELBOW WROT,34,202464222
343,766-749-145,607-2 3 FTGXC 90 FTG ELBOW WROT,74,766749145
344,678-982-385,607-2 4 FTGXC 90 FTG ELBOW WROT,74,678982385
345,469-359-906,60722 1/2 FTGXFTG 90 FTG ELBOW WROT,2,469359906
346,183-607-572,60722 3/4 FTGXFTG 90 FTG ELBOW WROT,72,183607572
347,276-817-771,60722 1 FTGXFTG 90 FTG ELBOW WROT,94,276817771
348,203-822-994,60722 11/4 FTGXFTG 90 FTG ELBOW WROT,31,203822994
349,301-067-204,60722 11/2 FTGXFTG 90 FTG ELBOW WROT,89,301067204
350,128-639-127,60722 2 FTGXFTG 90 FTG ELBOW WROT,86,128639127
351,218-284-344,60722 3 FTGXFTG 90 FTG ELBOW WROT,96,218284344
352,386-965-187,60722LT 1/4 FTGXFTG 90 LG RAD FTG ELBOW,55,386965187
353,717-677-291,60722LT 3/8 FTGXFTG 90 LG RAD FTG ELBOW,25,717677291
354,733-281-554,60722LT 1/2 FTGXFTG 90 LNG RAD FTG ELBOW,42,733281554
355,846-861-875,60722LT 5/8 FTGXFTG 90 LRAD FTG ELB WROT,83,846861875
356,701-535-297,60722LT 3/4 FTGXFTG 90 LNG RAD FTG ELBOW,92,701535297
357,291-266-757,60722LT 1 FTGXFTG 90 LNG RAD FTG ELBOW,56,291266757
358,215-765-812,60722LT 11/4 FTGXFTG 90 LNG RAD FTG ELB,91,215765812
359,898-649-288,60722LT 11/2 FTGXFTG 90 LNG RAD FTG ELB,37,898649288
360,407-216-019,60722LT 2 FTGXFTG 90 LG RAD FTG ELBOW,57,407216019
361,485-451-292,6072I 1/2 FTGXC 90 INT RAD FTG ELBOW,31,485451292
362,676-260-129,6072I 5/8 FTGXC 90 INT RAD FTG ELBOW,39,676260129
363,741-346-719,6072I 3/4 FTGXC 90 INT RAD FTG ELBOW,68,741346719
364,204-650-963,6072I 1 FTGXC 90 INTER RAD FTG ELBOW,30,204650963
365,157-931-907,607-2-LT 1/8 FTGXC 90 LNG RAD ELBOW WROT,16,157931907
366,869-999-846,607-2-LT 1/4 FTGXC 90 LNG RAD ELBOW WROT,1,869999846
367,158-707-538,6072LT 3/8 90 LNG RAD FTG ELBOW WROT,37,158707538
368,769-488-354,607-2-LTR 1/2X3/8 FTGXC LT ELBOW WROT,83,769488354
369,500-220-824,6072LT 1/2 90 LNG RAD FTG ELBOW WROT,29,500220824
370,518-067-702,6072LT 5/8 FTGXC 90 LNG RAD FTG ELBOW,2,518067702
371,547-928-538,6072LT 3/4 90 LNG RAD FTG ELBOW WROT,6,547928538
372,789-235-845,6072LT 1 90 LNG RAD FTG ELBOW WROT,59,789235845
373,824-166-676,6072LT 11/4 FTGXC 90 LG RAD FTG ELBOW,39,824166676
374,469-186-284,607-2-LT 11/2 90 LNG RAD FTG ELBOW WROT,91,469186284
375,853-291-566,6072LT 2 FTGXC 90 LNG RAD FTG ELBOW WROT,19,853291566
376,788-295-679,6072LT 21/2 FTGXC 90 LG RAD FTG ELBOW,69,788295679
377,270-371-864,607-2-LT 3 FTGXC 90 LRAD FTG ELBOW WROT,78,270371864
378,522-649-462,6072LT 4 FTGXC 90 LNG RAD FTG ELBOW WROT,80,522649462
379,656-154-084,607I 1/2 CXC 90 INTER RAD ELBOW WROT,19,656154084
380,380-176-938,607I 5/8 CXC 90 INTER RAD ELBOW WROT,47,380176938
381,635-354-150,607I 3/4 CXC 90 INTER RAD ELBOW WROT,80,635354150
382,107-680-429,607I 1 CXC 90 INTER RAD ELBOW WROT,33,107680429
383,700-593-784,607LT 3/16OD CXC 90 LONG RAD ELBOW WROT,33,700593784
384,604-910-792,607LT 1/8 CXC 90 LNG RAD ELBOW WROT,27,604910792
385,431-504-315,607LT 5/16OD CXC 90 LONG RAD ELBOW WROT,31,431504315
386,832-927-358,607LT 1/4 CXC 90 LNG RAD ELBOW WROT,31,832927358
387,637-364-043,607LTR 1/4X1/8 CXC 90 LNG RAD ELBOW WROT,1,637364043
388,213-415-791,607LT 3/8 CXC LNG RAD 90 ELBOW WROT,38,213415791
389,283-356-573,607LT 1/2 CXC 90 LNG RAD ELBOW WROT,99,283356573
390,218-113-863,607LTR 1/2X3/8 CXC 90 LNG RAD ELBOW WROT,82,218113863
391,712-434-882,607LTR 1/2X1/4 CXC 90 LNG RAD ELBOW WROT,44,712434882
392,372-170-045,607LT 5/8 CXC 90 LNG RAD ELBOW WROT,76,372170045
393,888-443-293,607LTR 5/8X1/2 CXC 90 LNG RAD ELBOW WROT,63,888443293
394,418-133-574,607LT 3/4 CXC LNG RAD 90 ELBOW WROT,91,418133574
395,218-980-415,607LTR 3/4X5/8 CXC 90 LNG RAD ELBOW WROT,95,218980415
396,558-990-508,607LTR 3/4X1/2 CXC 90 LNG RAD ELBOW WROT,42,558990508
397,568-828-955,607LT 7/8 CXC 90 LNG RAD ELBOW WROT,10,568828955
398,253-016-236,607LT 1 CXC 90 LNG RAD ELBOW WROT,81,253016236
399,443-887-905,607LTR 1X3/4 CXC 90 LNG RAD ELBOW WROT,55,443887905
400,610-819-912,607LTR 1X5/8 CXC 90 LG RAD ELBOW WROT,100,610819912
401,559-519-771,607LT 11/4 CXC 90 LNG RAD ELBOW WROT,3,559519771
402,864-569-101,607LTR 11/4X1 CXC 90 LNG RAD ELBOW WROT,65,864569101
403,276-825-290,607LT 11/2 CXC LNG RAD 90 ELBOW WROT,18,276825290
404,440-771-680,607LT 2 CXC 90 LNG RAD ELBOW WROT,29,440771680
405,276-436-120,607LT 21/2 CXC 90 LNG RAD ELBOW WROT,85,276436120
406,809-113-096,607LTR 21/2X2 CXC 90 LNG RAD ELBOW WROT,38,809113096
407,693-154-793,607LT 3 CXC 90 LNG RAD ELBOW WROT,48,693154793
408,395-534-479,607LT 31/2 CXC 90 LNG RAD ELBOW WROT,2,395534479
409,137-281-087,607LT 4 CXC 90 LNG RAD ELBOW WROT,58,137281087
410,423-389-720,607R 1X1/2 CXC 90 ELBOW WROT,33,423389720
411,215-307-169,607R 11/4X1 CXC 90 ELBOW WROT,1,215307169
412,216-412-209,611 3/16OD CXCXC TEE WROT,71,216412209
413,207-501-096,611 1/8 CXCXC TEE WROT,51,207501096
414,614-325-558,611R 1/8X1/8X3/16OD CXCXC TEE WROT,61,614325558
415,800-338-599,611RR 1/8X3/16X1/8 CXCXC TEE WROT,97,800338599
416,467-878-052,611 5/16OD CXCXC TEE WROT,12,467878052
417,574-698-683,611R 5/16ODX5/16ODX1/8 CXCXC TEE WROT,12,574698683
418,386-085-564,611RR 5/16ODX1/8X5/16OD CXCXC TEE WROT,20,386085564
419,498-683-886,611RR 5/16ODX1/8X1/8 CXCXC TEE WROT,10,498683886
420,254-356-993,611 1/4 CXCXC TEE WROT,15,254356993
421,436-565-510,611R 1/4X1/4X5/16OD CXCXC TEE WROT,98,436565510
422,168-720-254,611R 1/4X1/4X1/8 CXCXC TEE WROT,67,168720254
423,244-753-804,611R 1/4X1/4X3/16OD CXCXC TEE WROT,15,244753804
424,419-680-931,611RR 1/4X5/16ODX1/4 CXCXC TEE WROT,95,419680931
425,128-510-117,611RR 1/4X1/8X1/4 CXCXC TEE WROT,23,128510117
426,364-997-897,611RR 1/4X1/8X1/8 CXCXC TEE WROT,94,364997897
427,167-080-543,611 3/8 CXCXC TEE WROT,70,167080543
428,325-584-453,611R 3/8X3/8X1/4 CXCXC TEE WROT,31,325584453
429,466-108-523,611R 3/8X3/8X5/16OD CXCXC TEE WROT,73,466108523
430,844-121-420,611R 3/8X3/8X1/8 CXCXC TEE WROT,8,844121420
431,773-905-917,611RR 3/8X1/4X3/8 CXCXC TEE WROT,66,773905917
432,866-243-382,611RR 3/8X1/4X1/4 CXCXC TEE WROT,58,866243382
433,563-587-334,611RR 3/8X1/4X1/8 CXCXC TEE WROT,42,563587334
434,299-818-912,611RR 3/8X1/8X3/8 TEE CXCXC WROT,99,299818912
435,184-669-497,611RR 3/8X1/8X1/8 CXCXC TEE WROT,82,184669497
436,557-577-035,611 1/2 CXCXC TEE WROT,68,557577035
437,363-543-867,611R 1/2X1/2X3/8 CXCXC TEE WROT,67,363543867
438,667-816-745,611R 1/2X1/2X1/4 CXCXC TEE WROT,71,667816745
439,348-599-903,611R 1/2X1/2X1/8 CXCXC TEE WROT,66,348599903
440,243-179-025,611RR 1/2X3/8X1/2 CXCXC TEE WROT,48,243179025
441,465-077-774,611RR 1/2X3/8X3/8 CXCXC TEE WROT,40,465077774
442,635-008-452,611RR 1/2X3/8X1/4 CXCXC TEE WROT,83,635008452
443,544-148-668,611RR 1/2X1/4X3/8 CXCXC TEE WROT,92,544148668
444,215-267-695,611RR 1/2X1/4X1/4 CXCXC TEE WROT,95,215267695
445,392-113-145,611 5/8 CXCXC TEE WROT,47,392113145
446,870-775-851,611R 5/8X5/8X1/2 CXCXC TEE WROT,85,870775851
447,450-876-064,611R 5/8X5/8X3/8 CXCXC TEE WROT,55,450876064
448,525-826-588,611R 5/8X5/8X1/4 CXCXC TEE WROT,17,525826588
449,326-901-896,611RR 5/8X1/2X5/8 CXCXC TEE WROT,13,326901896
450,821-224-742,611RR 5/8X1/2X1/2 CXCXC TEE WROT,52,821224742
451,163-926-155,611RR 5/8X3/8X5/8 CXCXC TEE WROT,26,163926155
452,854-548-955,611RR 5/8X3/8X3/8 CXCXC TEE WROT,41,854548955
453,794-142-176,611RR 3/4X1/2X1/4 CXCXC TEE WROT,74,794142176
454,519-454-763,611 3/4 CXCXC TEE WROT,85,519454763
455,119-098-801,611R 3/4X3/4X5/8 CXCXC TEE WROT,6,119098801
456,871-624-873,611R 3/4X3/4X1/2 CXCXC TEE WROT,79,871624873
457,488-125-364,611R 3/4X3/4X3/8 CXCXC TEE WROT,31,488125364
458,411-376-966,611R 3/4X3/4X1/4 CXCXC TEE WROT,10,411376966
459,267-456-721,611R 3/4X3/4X1/8 CXCXC TEE WROT,49,267456721
460,500-398-507,611RR 3/4X5/8X3/4 CXCXC TEE WROT,55,500398507
461,544-623-116,611RR 3/4X5/8X5/8 CXCXC TEE WROT,79,544623116
462,452-801-862,611RR 3/4X1/2X3/4 CXCXC TEE WROT,6,452801862
463,818-182-516,611RR 3/4X1/2X1/2 CXCXC TEE WROT,59,818182516
464,322-875-377,611RR 3/4X1/2X3/8 CXCXC TEE WROT,75,322875377
465,874-889-929,611RR 3/4X3/8X3/4 CXCXC TEE WROT,76,874889929
466,782-265-243,611RR 3/4X3/8X1/2 CXCXC TEE WROT,19,782265243
467,398-557-439,611RR 3/4X3/8X3/8 CXCXC TEE WROT,40,398557439
468,499-883-990,611 7/8 CXCXC TEE WROT,36,499883990
469,663-973-179,611 1 CXCXC TEE WROT,10,663973179
470,448-621-813,611R 1X1X3/4 CXCXC TEE WROT,52,448621813
471,329-502-222,611R 1X1X5/8 CXCXC TEE WROT,13,329502222
472,376-281-399,611R 1X1X1/2 CXCXC TEE WROT,13,376281399
473,375-600-244,611R 1X1X3/8 CXCXC TEE WROT,40,375600244
474,253-886-493,611R 1X1X1/4 CXCXC TEE WROT,8,253886493
475,251-970-533,611RR 1X3/4X1 CXCXC TEE WROT,5,251970533
476,754-505-548,611RR 1X3/4X3/4 CXCXC TEE WROT,29,754505548
477,139-885-974,611RR 1X3/4X1/2 CXCXC TEE WROT,72,139885974
478,300-516-410,611RR 1X1/2X1 CXCXC TEE WROT,69,300516410
479,595-535-914,611RR 1X1/2X3/4 CXCXC TEE WROT,69,595535914
480,586-381-671,611RR 1X1/2X1/2 CXCXC TEE WROT,42,586381671
481,447-030-320,611 11/4 CXCXC TEE WROT,95,447030320
482,220-655-863,611R 11/4X11/4X1 CXCXC TEE WROT,96,220655863
483,411-199-196,611R 11/4X11/4X3/4 CXCXC TEE WROT,53,411199196
484,198-120-500,611R 11/4X11/4X1/2 CXCXC TEE WROT,44,198120500
485,805-657-136,611R 11/4X11/4X3/8 CXCXC TEE WROT,64,805657136
486,353-713-806,611RR 11/4X1X11/4 CXCXC TEE WROT,73,353713806
487,449-445-359,611RR 11/4X1X1 CXCXC TEE WROT,37,449445359
488,569-023-856,611RR 11/4X1X3/4 CXCXC TEE WROT,46,569023856
489,826-884-300,611RR 11/4X1X1/2 CXCXC TEE WROT,15,826884300
490,746-709-733,611RR 11/4X3/4X11/4 CXCXC TEE WROT,1,746709733
491,314-748-358,611RR 11/4X3/4X1 CXCXC TEE WROT,17,314748358
492,383-006-115,611RR 11/4X3/4X3/4 CXCXC TEE WROT,18,383006115
493,783-685-350,611RR 11/4X3/4X1/2 CXCXC TEE WROT,55,783685350
494,220-131-595,611RR 11/4X1/2X11/4 CXCXC TEE WROT,16,220131595
495,269-578-079,611 11/2 CXCXC TEE WROT,60,269578079
496,658-902-543,611R 11/2X11/2X11/4 CXCXC TEE WROT,100,658902543
497,274-320-870,611R 11/2X11/2X1 CXCXC TEE WROT,27,274320870
498,269-368-891,611R 11/2X11/2X3/4 CXCXC TEE WROT,61,269368891
499,519-909-702,611R 11/2X11/2X1/2 CXCXC TEE WROT,82,519909702
500,184-848-893,611RR 11/2X11/4X11/2 CXCXC TEE WROT,76,184848893
501,490-152-981,611RR 11/2X11/4X11/4 CXCXC TEE WROT,85,490152981
502,339-778-327,611RR 11/2X11/4X1 CXCXC TEE WROT,76,339778327
503,346-099-990,611RR 11/2X11/4X3/4 CXCXC TEE WROT,90,346099990
504,803-365-784,611RR 11/2X11/4X1/2 CXCXC TEE WROT,37,803365784
505,727-623-102,611RR 11/2X1X11/2 CXCXC TEE WROT,98,727623102
506,844-381-949,611RR 11/2X1X11/4 CXCXC TEE WROT,7,844381949
507,424-980-736,611RR 11/2X1X1 CXCXC TEE WROT,57,424980736
508,838-215-051,611RR 11/2X1X3/4 CXCXC TEE WROT,24,838215051
509,628-563-838,611RR 11/2X1X1/2 CXCXC TEE WROT,17,628563838
510,400-433-106,611RR 11/2X3/4X11/2 CXCXC TEE WROT,47,400433106
511,534-002-276,611RR 11/2X3/4X11/4 CXCXC TEE WROT,1,534002276
512,299-962-585,611RR 11/2X3/4X1 CXCXC TEE WROT,70,299962585
513,156-988-611,611RR 11/2X3/4X3/4 CXCXC TEE WROT,30,156988611
514,736-472-071,611RR 11/2X3/4X1/2 CXCXC TEE WROT,10,736472071
515,748-040-701,611RR 11/2X1/2X11/2 CXCXC TEE WROT,77,748040701
516,606-663-578,611 2 CXCXC TEE WROT,22,606663578
517,775-481-559,611R 2X2X11/2 CXCXC TEE WROT,100,775481559
518,707-460-222,611R 2X2X11/4 CXCXC TEE WROT,12,707460222
519,889-147-616,611R 2X2X1 CXCXC TEE WROT,58,889147616
520,620-653-442,611R 2X2X3/4 CXCXC TEE WROT,31,620653442
521,411-277-287,611R 2X2X1/2 CXCXC TEE WROT,17,411277287
522,757-906-616,611RR 2X11/2X2 CXCXC TEE WROT,30,757906616
523,869-596-451,611RR 2X11/2X11/2 CXCXC TEE WROT,7,869596451
524,727-698-886,611RR 2X11/2X11/4 CXCXC TEE WROT,71,727698886
525,721-063-862,611RR 2X11/2X1 CXCXC TEE WROT,99,721063862
526,100-342-124,611RR 2X11/2X3/4 CXCXC TEE WROT,43,100342124
527,739-846-437,611RR 2X11/2X1/2 CXCXC TEE WROT,70,739846437
528,463-744-648,611RR 2X11/4X2 CXCXC TEE WROT,48,463744648
529,737-816-226,611RR 2X11/4X11/2 CXCXC TEE WROT,8,737816226
530,141-726-685,611RR 2X11/4X11/4 CXCXC TEE WROT,63,141726685
531,526-829-589,611RR 2X11/4X1 CXCXC TEE WROT,71,526829589
532,769-743-213,611RR 2X11/4X3/4 CXCXC TEE WROT,85,769743213
533,826-665-028,611RR 2X1X2 CXCXC TEE WROT,52,826665028
534,322-610-931,611RR 2X1X1 CXCXC TEE WROT,93,322610931
535,366-668-153,611RR 2X3/4X2 CXCXC TEE WROT,99,366668153
536,512-991-723,611RR 2X1/2X2 CXCXC TEE WROT,87,512991723
537,201-143-664,611 21/2 CXCXC TEE WROT,50,201143664
538,108-898-186,611R 21/2X21/2X2 CXCXC TEE WROT,4,108898186
539,529-418-242,611R 21/2X21/2X11/2 CXCXC TEE WROT,79,529418242
540,532-637-770,611R 21/2X21/2X11/4 CXCXC TEE WROT,13,532637770
541,127-356-297,611R 21/2X21/2X1 CXCXC TEE WROT,15,127356297
542,686-570-690,611R 21/2X21/2X3/4 CXCXC TEE WROT,6,686570690
543,717-271-944,611R 21/2X21/2X1/2 CXCXC TEE WROT,37,717271944
544,171-180-173,611RR 21/2X2X21/2 CXCXC TEE WROT,77,171180173
545,837-920-765,611RR 21/2X2X2 CXCXC TEE WROT,19,837920765
546,884-875-133,611RR 21/2X2X11/2 CXCXC TEE WROT,92,884875133
547,704-000-039,611RR 21/2X2X11/4 CXCXC TEE WROT,40,704000039
548,151-588-848,611RR 21/2X2X1 CXCXC TEE WROT,24,151588848
549,696-053-558,611RR 21/2X2X3/4 CXCXC TEE WROT,77,696053558
550,635-643-211,611RR 21/2X11/2X21/2 CXCXC TEE WROT,47,635643211
551,303-871-663,611RR 21/2X11/4X2 CXCXC TEE WROT,53,303871663
552,701-297-908,611RR 21/2X11/4X21/2 CXCXC TEE WROT,73,701297908
553,729-623-994,611RR 21/2X1X21/2 CXCXC TEE WROT,16,729623994
554,255-297-653,611RR 21/2X3/4X21/2 CXCXC TEE WROT,58,255297653
555,133-470-993,611 3 CXCXC TEE WROT,55,133470993
556,857-089-421,611R 3X3X21/2 CXCXC TEE WROT,77,857089421
557,549-650-675,611R 3X3X2 CXCXC TEE WROT,44,549650675
558,622-266-339,611R 3X3X11/2 CXCXC TEE WROT,86,622266339
559,682-292-342,611R 3X3X11/4 CXCXC TEE WROT,45,682292342
560,381-389-193,611R 3X3X1 CXCXC TEE WROT,87,381389193
561,621-813-088,611R 3X3X3/4 CXCXC TEE WROT,26,621813088
562,433-552-606,611R 3X3X1/2 CXCXC TEE WROT,14,433552606
563,597-006-490,611RR 3X21/2X3 CXCXC TEE WROT,37,597006490
564,167-691-832,611RR 3X21/2X21/2 CXCXC TEE WROT,84,167691832
565,416-677-708,611RR 3X21/2X2 CXCXC TEE WROT,88,416677708
566,875-531-612,611RR 3X21/2X1 CXCXC TEE WROT,84,875531612
567,201-505-476,611RR 3X21/2X11/4 CXCXC TEE WROT,24,201505476
568,779-177-486,611RR 3X2X3 CXCXC TEE WROT,64,779177486
569,824-668-337,611RR 3X2X21/2 CXCXC TEE WROT,84,824668337
570,418-481-898,611RR 3X2X2 CXCXC TEE WROT,2,418481898
571,795-612-508,611RR 3X11/2X3 CXCXC TEE WROT,99,795612508
572,869-935-548,611RR 3X11/4X3 CXCXC TEE WROT,57,869935548
573,547-286-346,611RR 3X1X3 CXCXC TEE WROT,86,547286346
574,796-158-450,611RR 3X3/4X3 CXCXC TEE WROT,37,796158450
575,797-455-710,611 31/2 CXCXC TEE WROT,17,797455710
576,605-715-452,611 4 CXCXC TEE WROT,51,605715452
577,616-280-623,611R 4X4X3 CXCXC TEE WROT,94,616280623
578,406-552-615,611R 4X4X21/2 CXCXC TEE WROT,21,406552615
579,861-466-300,611R 4X4X2 CXCXC TEE WROT,79,861466300
580,495-427-719,611R 4X4X11/2 CXCXC TEE WROT,40,495427719
581,873-123-002,611R 4X4X11/4 CXCXC TEE WROT,92,873123002
582,598-256-121,611R 4X4X1 CXCXC TEE WROT,52,598256121
583,187-762-072,611R 4X4X3/4 CXCXC TEE WROT,88,187762072
584,719-542-652,611R 4X4X1/2 CXCXC TEE WROT,52,719542652
585,371-530-782,611RR 4X3X4 CXCXC TEE WROT,6,371530782
586,845-863-193,611RR 4X1X4 CXCXC TEE WROT,60,845863193
587,150-680-020,611RR 4X3X3 CXCXC TEE WROT,44,150680020
588,184-987-496,611RR 4X3X21/2 CXCXC TEE WROT,47,184987496
589,587-567-642,611RR 4X3X2 CXCXC TEE WROT,35,587567642
590,432-112-495,611RR 4X2X2 CXCXC TEE WROT,58,432112495
591,344-542-626,611RR 4X21/2X21/2 CXCXC TEE WROT,36,344542626
592,503-448-199,611RR 4X21/2X4 CXCXC TEE WROT,46,503448199
593,644-300-690,611RR 4X2X4 CXCXC TEE WROT,78,644300690
594,847-710-861,611 5 CXCXC TEE WROT,51,847710861
595,148-418-483,611R 5X5X4 CXCXC TEE WROT,55,148418483
596,255-837-485,611R 5X5X3 CXCXC TEE WROT,56,255837485
597,467-969-996,611R 5X5X21/2 CXCXC TEE WROT,58,467969996
598,723-087-464,611R 5X5X2 CXCXC TEE WROT,22,723087464
599,145-224-291,611R 5X5X11/2 CXCXC TEE WROT,34,145224291
600,585-016-604,611R 5X5X11/4 CXCXC TEE WROT,23,585016604
601,761-550-086,611R 5X5X1 CXCXC TEE WROT,57,761550086
602,797-018-877,611RR 5X4X5 CXCXC TEE WROT,55,797018877
603,242-735-120,611RR 5X4X4 CXCXC TEE WROT,86,242735120
604,731-026-884,611RR 5X2X5 CXCXC TEE WROT,60,731026884
605,414-316-634,611 6 CXCXC TEE WROT,60,414316634
606,528-958-131,611R 6X6X5 CXCXC TEE WROT,16,528958131
607,150-425-652,611R 6X6X4 CXCXC TEE WROT,66,150425652
608,443-871-867,611R 6X6X3 CXCXC TEE WROT,76,443871867
609,609-299-879,611R 6X6X21/2 CXCX TEE WROT,37,609299879
610,542-952-197,611R 6X6X2 CXCXC TEE WROT,70,542952197
611,289-033-457,611R 6X6X11/2 CXCXC TEE WROT,5,289033457
612,483-065-698,611R 6X6X11/4 CXCXC TEE WROT,36,483065698
613,656-429-341,611R 6X6X1 CXCXC TEE WROT,35,656429341
614,834-390-681,611R 6X6X3/4 CXCXC TEE WROT,90,834390681
615,576-872-444,611R 6X6X1/2 CXCXC TEE WROT,4,576872444
616,199-942-593,611RR 6X4X4 CXCXC TEE WROT,68,199942593
617,629-002-557,611RR 6X4X6 CXCXC TEE WROT,70,629002557
618,389-336-048,611RR 6X4X11/2 CXCXC TEE WROT,23,389336048
619,759-555-136,611 8 CXCXC TEE WROT,93,759555136
620,236-691-579,611R 8X8X6 CXCXC TEE WROT,8,236691579
621,586-335-067,611R 8X8X5 CXCXC TEE WROT,21,586335067
622,366-523-351,611R 8X8X4 CXCXC TEE WROT,12,366523351
623,353-237-711,611R 8X8X3 CXCXC TEE WROT,45,353237711
624,500-463-958,611R 8X8X21/2 CXCXC TEE WROT,52,500463958
625,777-931-142,611R 8X8X2 CXCXC TEE WROT,89,777931142
626,644-821-779,6112 1/2 CXFTGXC FITTING TEE WROT,94,644821779
627,336-803-507,6112 3/4 CXFTGXC FITTING TEE WROT,16,336803507
628,330-457-268,611BH 1/8X1/8X1/4 CXCXC TEE WROT,87,330457268
629,386-179-940,611BH 5/16ODX5/16ODX1/4 CXCXC TEE WROT,5,386179940
630,223-807-938,611BH 1/4X1/4X1/2 CXCXC TEE WROT,94,223807938
631,413-859-000,611BH 1/4X1/4X3/8 CXCXC TEE WROT,7,413859000
632,688-907-511,611BH 3/8X3/8X1/2 CXCXC TEE WROT,94,688907511
633,287-891-835,611BH 1/2X1/2X1 CXCXC TEE WROT,45,287891835
634,859-000-719,611BH 1/2X1/2X3/4 CXCXC TEE WROT,4,859000719
635,469-286-188,611BH 1/2X1/2X5/8 CXCXC BH TEE,23,469286188
636,754-749-848,611BH 5/8X5/8X3/4 CXCXC TEE WROT,14,754749848
637,831-313-441,611BH 3/4X3/4X1 CXCXC TEE WROT,85,831313441
638,207-465-325,611BH 1X1X11/2 CXCXC TEE WROT,6,207465325
639,310-971-127,611BH 1X1X11/4 CXCXC TEE WROT,77,310971127
640,843-792-910,611BH 11/4X11/4X2 CXCXC TEE WROT,93,843792910
641,296-459-277,611BH 11/4X11/4X11/2 CXCXC TEE WROT,54,296459277
642,160-016-497,611BH 11/2X11/2X2 CXCXC TEE WROT,89,160016497
643,256-421-057,611BH 2X2X21/2 CXCXC TEE WROT,78,256421057
644,222-935-065,616 3/8 FTG FITTING PLUG WROT,84,222935065
645,103-728-611,616 1/2 FTG FITTING PLUG WROT,29,103728611
646,690-220-687,616 3/4 FTG FITTING PLUG WROT,13,690220687
647,343-729-291,617 1/8 C TUBE CAP WROT,60,343729291
648,442-882-783,617 1/4 C TUBE CAP WROT,82,442882783
649,254-672-361,617 3/8 C TUBE CAP WROT,12,254672361
650,526-392-945,617 1/2 C TUBE CAP WROT,14,526392945
651,693-639-261,617 5/8 C TUBE CAP WROT,5,693639261
652,171-603-168,617 3/4 C TUBE CAP WROT,40,171603168
653,588-854-330,617 1 C TUBE CAP WROT,44,588854330
654,885-444-092,617 11/4 C TUBE CAP WROT,56,885444092
655,137-294-551,617 11/2 C TUBE CAP WROT,92,137294551
656,406-703-277,617 2 C TUBE CAP WROT,47,406703277
657,461-442-662,617 21/2 C TUBE CAP WROT,98,461442662
658,366-496-213,617 3 C TUBE CAP WROT,78,366496213
659,359-904-418,617 4 C TUBE CAP WROT,55,359904418
660,492-782-487,618 1/4X1/8 FTGXC FLUSH BUSHING WROT,91,492782487
661,297-370-745,618 3/8X1/4 FTGXC FLUSH BUSHING WROT,6,297370745
662,469-681-598,618 1/2X1/4 FTGXC FLUSH BUSHING WROT,27,469681598
663,435-328-899,618 1/2X3/8 FTGXC FLUSH BUSHING WROT,52,435328899
664,591-030-897,618 5/8X1/2 FTGXC FLUSH BUSHING WROT,36,591030897
665,304-637-528,618 1X1/2 FTGXC FLUSH BUSHING WROT,67,304637528
666,467-962-659,618 3/4X5/8 FTGXC FLUSH BUSHING WROT,20,467962659
667,688-566-809,618 3/4X1/2 FTGXC FLUSH BUSHING WROT,48,688566809
668,738-915-580,618 3/4X3/8 FTGXC FLUSH BUSHING WROT,30,738915580
669,102-434-594,618 1X3/4 FTGXC FLUSH BUSHING WROT,30,102434594
670,277-461-736,618 11/4X3/4 FTGXC FLUSH BUSHING WROT,49,277461736
671,488-121-945,618 11/4X1 FTGXC FLUSH BUSHING WROT,23,488121945
672,756-277-555,618 11/2X1 FTGXC FLUSH BUSHING WROT,13,756277555
673,474-504-185,618 11/2X11/4 FTGXC FLUSH BUSHING WROT,57,474504185
674,696-579-310,618 2X11/2 FTGXC FLUSH BUSHING WROT,98,696579310
675,696-179-295,618-3 1X1/2 FTGXF FLUSH BUSHING WROT,50,696179295
676,875-864-584,6183 1/2X1/8 FTGXF FLUSH BUSHING WROT,32,875864584
677,802-912-100,6183 1/2X1/4 FTGXF FLUSH BUSHING WROT,57,802912100
678,829-712-877,618-3 11/2X1 FTGXF FLUSH BUSHING WROT,31,829712877
679,628-578-640,619 1/2X6 FTG AIR CHAMBER WROT,85,628578640
680,286-911-769,619 1/2X12 FTG AIR CHAMBER WROT,17,286911769
681,346-419-467,619 1/2X14 FTG AIR CHAMBER WROT,53,346419467
682,798-295-738,620L 1/2X6 FTG STUB OUT WROT,88,798295738
683,120-871-720,620L 1/2X8 FTG STUB OUT WROT,11,120871720
684,757-524-913,620L 1/2X10 FTG STUB OUT WROT,3,757524913
685,176-183-795,620L 1/2X12 FG STUB OUT WROT,99,176183795
686,243-820-936,620L 3/4X12 FTG STUB OUT WROT,76,243820936
687,741-848-718,621 1/2 VENTURI INSERT WROT,10,741848718
688,346-499-374,621 3/4 VENTURI INSERT WROT,78,346499374
689,348-653-809,621 1 VENTURI INSERT WROT,2,348653809
690,891-512-275,621 11/4 VENTURI INSERT WROT,54,891512275
691,102-441-931,623 TUBE HANGER STRAP 3/4X25 FT ROLL,33,102441931
692,440-773-467,624 1/8 TUBE STRAP WROT,43,440773467
693,114-484-555,624 1/4 TUBE STRAP WROT,29,114484555
694,583-612-914,624 3/8 TUBE STRAP WROT,85,583612914
695,742-502-201,624 1/2 TUBE STRAP WROT,40,742502201
696,367-381-219,624 5/8 TUBE STRAP WROT,96,367381219
697,479-340-622,624 3/4 TUBE STRAP WROT,44,479340622
698,209-869-237,624 1 TUBE STRAP WROT,5,209869237
699,456-111-869,624 11/4 TUBE STRAP WROT,36,456111869
700,724-568-451,624 11/2 TUBE STRAP WROT,55,724568451
701,801-881-717,624 2 TUBE STRAP WROT,37,801881717
702,144-952-744,633W 1/4 CXC UNION WROT,56,144952744
703,658-983-740,633W 3/8 CXC UNION WROT,35,658983740
704,287-018-207,633W 1/2 CXC UNION WROT,83,287018207
705,583-944-514,633W 3/4 CXC UNION WROT,6,583944514
706,850-610-512,633W 1 CXC UNION WROT,8,850610512
707,369-118-028,638 1/8 1-CTR CXC RETURN BEND WROT,48,369118028
708,646-993-743,638 1/4 11/4-CTR CXC RETURN BEND WROT,91,646993743
709,644-513-493,638 1/4 X 11/2 CTR CXC RETURN BEND WROT,62,644513493
710,841-915-935,638 3/8 11/2-CTR CXC RETURN BEND WROT,68,841915935
711,213-921-615,638 1/2 2-CTR CXC RETURN BEND WROT,46,213921615
712,231-372-268,638 3/4 21/2-CTR CXC RETURN BEND WROT,2,231372268
713,444-003-985,638 1 3-CTR CXC RETURN BEND WROT,56,444003985
714,560-412-683,638 11/4 4-CTR CXC RETURN BEND WROT,59,560412683
715,846-305-036,638 11/2 41/2-CTR CXC RETURN BEND WROT,6,846305036
716,162-093-180,638 2 51/2-CTR CXC RETURN BEND WROT,99,162093180
717,515-485-365,698 1 CXC SUCTION LINE PTRAP WROT,38,515485365
718,590-417-061,698 1/2 CXC SUCTION LINE PTRAP WROT,68,590417061
719,258-287-582,698 5/8 CXC SUCTION LINE PTRAP WROT,80,258287582
720,298-213-510,698 3/4 CXC SUCTION LINE PTRAP WROT,77,298213510
721,886-583-552,698 11/4 CXC SUCTION LINE PTRAP WROT,66,886583552
722,456-636-436,698 11/2 CXC SUCTION LINE PTRAP WROT,41,456636436
723,725-288-131,698 2 CXC SUCTION LINE PTRAP WROT,8,725288131
724,861-786-327,901 11/4 CXC DWV COUPLING W/STOP WROT,3,861786327
725,263-488-508,901 11/2 CXC DWV COUPLING W/STOP WROT,31,263488508
726,302-067-878,901R 11/2X11/4 CXC DWV COUPLING W/STOP,48,302067878
727,621-881-487,901 2 CXC DWV COUPLING W/STOP WROT,70,621881487
728,328-004-673,901R 2X11/2 CXC DWV COUPLING W/STOP WROT,13,328004673
729,863-210-482,901 3 CXC DWV COUPLING W/STOP WROT,49,863210482
730,598-780-697,901 4 CXC DWV COUPLING W/STOP WROT,3,598780697
731,754-403-285,9012 11/2X11/4 FTGXC DWV EXT BUSH WROT,38,754403285
732,826-547-843,901-2 2X11/2 FTGXC DWV EXT BUSHING WROT,58,826547843
733,130-763-843,901-2 2X11/4 FTGXC DWV EXT BUSHING WROT,27,130763843
734,591-102-388,901-2-7 11/2X11/2OD FTGXSJ DWV TRAP ADAP,9,591102388
735,694-572-406,90127R 11/2X11/4 FTGXSJ TRAP ADAPTER,11,694572406
736,197-211-592,9012F 2X11/2 FTGXC DWV FLUSH BUSHING,65,197211592
737,773-779-817,901-7 11/4X11/4OD CXSJ DWV TRAP ADAPTER,66,773779817
738,184-137-947,901-7 11/2X11/2OD CXSJ DWV TRAP ADAPTER,89,184137947
739,850-931-026,901-7R 11/2X11/4OD CXSJ DWV TRAP ADAPTER,31,850931026
740,285-502-137,901RP 11/2 CXC DWV REPAIR COUP W/O STOP,20,285502137
741,644-296-409,901RP 2 CXC DWV REPAIR COUPLING W/O STOP,40,644296409
742,396-572-026,901RP 3 CXC DWV REPAIR COUPLING W/O STOP,63,396572026
743,397-011-147,901RP 4 CXC DWV REPAIR COUPLING W/O STOP,88,397011147
744,666-909-276,903 11/4 CXF DWV ADAPTER WROT,49,666909276
745,663-006-002,903 11/2 CXF DWV ADAPTER WROT,73,663006002
746,318-288-094,903 2 CXF DWV ADAPTER WROT,57,318288094
747,848-328-518,903-2 11/4 FTGXF DWV FTG ADAPTER WROT,73,848328518
748,539-784-825,903-7 11/4 FXSJ DWV TRAP ADAPTER WROT,14,539784825
749,487-755-265,903-7 11/2X11/2OD FXSJ DWV TRAP ADAPTER,27,487755265
750,384-567-703,903-7R 11/2X11/4OD FXSJ DWV TRAP ADAPTER,100,384567703
751,703-557-416,904 11/4 CXM DWV ADAPTER WROT,82,703557416
752,587-694-650,904R 11/4X11/2 CXM DWV ADAPTER WROT,40,587694650
753,613-502-067,9047 11/4 MXSJ DWV TRAP ADAPTER WROT,26,613502067
754,396-813-245,9047 11/2 MXSJ DWV TRAP ADAPTER WROT,23,396813245
755,404-292-656,9047R 11/2X11/4OD MXSJ DWV TRAP WROT,7,404292656
756,249-025-409,905R 11/2X2 CXSPG DWV SOIL PIPE ADAPTER,95,249025409
757,336-271-084,905 2 CXSPG DWV SOIL PIPE ADAPTER,54,336271084
758,494-219-684,906 11/4 CXC DWV 45 ELBOW WROT,99,494219684
759,601-968-774,906 11/2 CXC DWV 45 ELBOW WROT,73,601968774
760,335-498-599,906 2 CXC DWV 45 ELBOW WROT,7,335498599
761,871-189-972,906 3 CXC DWV 45 ELBOW WROT,99,871189972
762,523-904-912,906-2 11/4 FTGXC DWV 45 FTG ELBOW WROT,71,523904912
763,438-103-751,906-2 11/2 FTGXC DWV 45 FTG ELBOW WROT,59,438103751
764,467-901-212,9062 2 FTGXC DWV 45 FTG ELBOW WROT,12,467901212
765,881-791-644,9062 3 FTGXC DWV 45 FTG ELBOW WROT,72,881791644
766,670-422-697,907 11/4 CXC DWV 90 ELBOW WROT,80,670422697
767,626-551-396,907 11/2 CXC DWV 90 ELBOW WROT,90,626551396
768,128-198-725,907 2 CXC DWV 90 ELBOW WROT,60,128198725
769,158-557-636,907 3 CXC DWV 90 ELBOW WROT,63,158557636
770,478-152-224,9072 11/4 FTGXC DWV 90 FTG ELBOW WROT,6,478152224
771,884-308-963,907-2 11/2 FTGXC DWV 90 FTG ELBOW WROT,2,884308963
772,179-455-367,9072 2 FTGXC DWV 90 FTG ELBOW WROT,44,179455367
773,649-892-909,9072 3 FTGXC DWV 90 FTG ELBOW WROT,45,649892909
774,750-934-480,907LT 11/2 CXC DWV 90 LNG RAD ELBOW WROT,11,750934480
775,694-359-675,907LT 2 CXC DWV 90 LNG RAD ELBOW WROT,12,694359675
776,886-812-469,911 11/4 CXCXC DWV TEE WROT,88,886812469
777,481-925-638,911 11/2 CXCXC DWV TEE WROT,25,481925638
778,589-999-250,911R 11/2X11/2X11/4 CXCXC DWV TEE WROT,78,589999250
779,304-944-902,911 2 CXCXC DWV TEE WROT,82,304944902
780,120-834-816,911R 2X2X11/2 CXCXC DWV TEE WROT,49,120834816
781,662-293-844,911R 2X2X11/4 CXCXC DWV TEE WROT,20,662293844
782,475-070-469,911RR 2X11/2X2 CXCXC DWV TEE WROT,96,475070469
783,345-350-365,911RR 2X11/2X11/2 CXCXC DWV TEE WROT,65,345350365
784,373-812-491,917B 1/2 C DWV TEST CAP WROT,91,373812491
785,329-149-561,917B 3/4 C DWV TEST CAP WROT,31,329149561
786,309-644-954,917B 1 C DWV TEST CAP WROT,28,309644954
787,336-224-229,917B 11/4 C DWV TEST CAP WROT,54,336224229
788,422-914-921,917B 11/2 C DWV TEST CAP WROT,4,422914921
789,856-624-753,917B 2 C DWV TEST CAP WROT,70,856624753
790,249-501-707,917B 3 C DWV TEST CAP WROT,25,249501707
791,530-260-278,951 4X3 C DWV CLOSET FLANGE WROT,17,530260278
792,463-225-025,960 11/2 CXC DWV 60 ELBOW WROT,69,463225025
793,722-173-409,960 2 CXC DWV 60 ELBOW WROT,49,722173409
794,500-967-708,960 3 CXC DWV 60 ELBOW WROT,69,500967708